-- phpMyAdmin SQL Dump
-- version 4.3.12
-- http://www.phpmyadmin.net
--
-- Host: localhost
-- Gegenereerd op: 20 mrt 2015 om 19:25
-- Serverversie: 5.5.42-MariaDB-1~wheezy-log
-- PHP-versie: 5.4.36-0+deb7u3

SET SQL_MODE = "NO_AUTO_VALUE_ON_ZERO";
SET time_zone = "+00:00";


/*!40101 SET @OLD_CHARACTER_SET_CLIENT=@@CHARACTER_SET_CLIENT */;
/*!40101 SET @OLD_CHARACTER_SET_RESULTS=@@CHARACTER_SET_RESULTS */;
/*!40101 SET @OLD_COLLATION_CONNECTION=@@COLLATION_CONNECTION */;
/*!40101 SET NAMES utf8 */;

--
-- Database: `cod6addon`
--

-- --------------------------------------------------------

--
-- Tabelstructuur voor tabel `stats_body`
--

CREATE TABLE IF NOT EXISTS `stats_body` (
  `body_id` tinyint(11) unsigned NOT NULL,
  `body_name` varchar(100) DEFAULT NULL,
  `body_nicename` varchar(100) NOT NULL,
  `kills` int(11) unsigned DEFAULT '0',
  `suicides` int(11) unsigned DEFAULT '0'
) ENGINE=InnoDB AUTO_INCREMENT=18 DEFAULT CHARSET=latin1;

--
-- Gegevens worden geëxporteerd voor tabel `stats_body`
--

INSERT INTO `stats_body` (`body_id`, `body_name`, `body_nicename`, `kills`, `suicides`) VALUES
(1, 'neck', '', 83, 0),
(2, 'torso_upper', '', 470, 0),
(3, 'torso_lower', '', 1067, 0),
(4, 'head', '', 311, 0),
(5, 'right_arm_upper', '', 76, 0),
(6, 'right_leg_upper', '', 196, 0),
(7, 'right_hand', '', 17, 0),
(8, 'left_leg_lower', '', 95, 0),
(9, 'left_arm_upper', '', 70, 0),
(10, 'right_leg_lower', '', 79, 0),
(11, 'right_arm_lower', '', 65, 0),
(12, 'left_leg_upper', '', 201, 0),
(13, 'left_arm_lower', '', 49, 0),
(14, 'left_foot', '', 32, 0),
(15, 'right_foot', '', 13, 0),
(16, 'left_hand', '', 26, 0),
(17, 'none', '', 196, 85);

-- --------------------------------------------------------

--
-- Tabelstructuur voor tabel `stats_bodyhits`
--

CREATE TABLE IF NOT EXISTS `stats_bodyhits` (
  `bodyhits_id` int(11) unsigned NOT NULL,
  `name_id` mediumint(11) unsigned DEFAULT NULL,
  `bodypart_id` tinyint(11) unsigned DEFAULT NULL,
  `kills` int(11) unsigned DEFAULT NULL,
  `deaths` int(11) unsigned DEFAULT NULL,
  `suicides` int(11) unsigned DEFAULT NULL
) ENGINE=InnoDB AUTO_INCREMENT=443 DEFAULT CHARSET=latin1;

--
-- Gegevens worden geëxporteerd voor tabel `stats_bodyhits`
--

INSERT INTO `stats_bodyhits` (`bodyhits_id`, `name_id`, `bodypart_id`, `kills`, `deaths`, `suicides`) VALUES
(1, 2, 1, 57, 84, 41),
(2, 1, 1, 1, 2, 0),
(3, 6, 1, 69, 44, 22),
(4, 5, 1, 1, 0, 0),
(5, 6, 2, 69, 82, 0),
(6, 5, 2, 2, 0, 0),
(7, 6, 3, 141, 171, 0),
(8, 5, 3, 2, 0, 0),
(9, 5, 4, 0, 1, 0),
(10, 6, 4, 37, 71, 0),
(11, 5, 5, 0, 1, 0),
(12, 6, 5, 7, 10, 0),
(13, 5, 6, 0, 1, 0),
(14, 6, 6, 31, 22, 0),
(15, 7, 2, 9, 12, 0),
(16, 8, 3, 4, 6, 0),
(17, 7, 4, 6, 4, 0),
(18, 8, 7, 0, 1, 0),
(19, 6, 7, 3, 4, 0),
(20, 6, 8, 16, 19, 0),
(21, 7, 8, 1, 2, 0),
(22, 7, 6, 1, 2, 0),
(23, 8, 6, 2, 1, 0),
(24, 8, 2, 4, 2, 0),
(25, 6, 9, 8, 13, 0),
(26, 8, 9, 1, 1, 0),
(27, 7, 3, 17, 11, 0),
(28, 9, 2, 0, 2, 0),
(29, 8, 4, 0, 1, 0),
(30, 9, 4, 1, 0, 0),
(31, 9, 3, 6, 5, 0),
(32, 6, 10, 12, 11, 0),
(33, 9, 10, 1, 0, 0),
(34, 7, 1, 7, 6, 1),
(35, 9, 1, 1, 0, 0),
(36, 8, 11, 0, 1, 0),
(37, 9, 11, 1, 0, 0),
(38, 9, 6, 0, 1, 0),
(39, 8, 12, 1, 2, 0),
(40, 7, 12, 4, 7, 0),
(41, 7, 9, 1, 3, 0),
(42, 11, 6, 38, 16, 0),
(43, 11, 13, 8, 7, 0),
(44, 6, 13, 7, 6, 0),
(45, 11, 9, 10, 8, 0),
(46, 11, 11, 9, 7, 0),
(47, 6, 11, 8, 9, 0),
(48, 6, 12, 32, 29, 0),
(49, 11, 12, 36, 21, 0),
(50, 11, 3, 144, 118, 0),
(51, 11, 1, 34, 35, 4),
(52, 11, 4, 39, 31, 0),
(53, 11, 8, 14, 10, 0),
(54, 11, 2, 39, 55, 0),
(55, 11, 5, 13, 12, 0),
(56, 11, 10, 18, 10, 0),
(57, 12, 1, 20, 16, 1),
(58, 12, 3, 136, 64, 0),
(59, 12, 2, 66, 31, 0),
(60, 12, 12, 12, 17, 0),
(61, 12, 8, 3, 8, 0),
(62, 12, 9, 9, 3, 0),
(63, 12, 10, 9, 9, 0),
(64, 12, 7, 3, 1, 0),
(65, 12, 4, 63, 27, 0),
(66, 13, 6, 11, 5, 0),
(67, 12, 6, 10, 20, 0),
(68, 13, 2, 13, 19, 0),
(69, 13, 3, 38, 69, 0),
(70, 14, 3, 1, 0, 0),
(71, 14, 9, 1, 0, 0),
(72, 12, 5, 14, 4, 0),
(73, 14, 6, 0, 1, 0),
(74, 14, 12, 0, 1, 0),
(75, 12, 11, 3, 6, 0),
(76, 13, 9, 3, 2, 0),
(77, 13, 4, 12, 21, 0),
(78, 13, 14, 1, 5, 0),
(79, 11, 14, 4, 4, 0),
(80, 13, 1, 12, 9, 0),
(81, 13, 12, 12, 11, 0),
(82, 13, 10, 2, 4, 0),
(83, 13, 15, 0, 2, 0),
(84, 15, 15, 1, 0, 0),
(85, 15, 2, 1, 0, 0),
(86, 15, 13, 1, 0, 0),
(87, 13, 8, 10, 5, 0),
(88, 15, 8, 1, 1, 0),
(89, 15, 1, 1, 0, 0),
(90, 15, 12, 0, 1, 0),
(91, 13, 16, 2, 1, 0),
(92, 15, 16, 1, 0, 0),
(93, 15, 3, 1, 0, 0),
(94, 6, 16, 2, 4, 0),
(95, 12, 16, 4, 0, 0),
(96, 2, 13, 7, 22, 0),
(97, 13, 13, 4, 2, 0),
(98, 12, 14, 4, 1, 0),
(99, 6, 14, 4, 3, 0),
(100, 2, 4, 66, 60, 0),
(101, 2, 2, 135, 122, 0),
(102, 2, 3, 263, 280, 0),
(103, 16, 3, 14, 16, 0),
(104, 13, 5, 1, 4, 0),
(105, 16, 2, 6, 5, 0),
(106, 16, 4, 2, 4, 0),
(107, 17, 3, 38, 49, 0),
(108, 17, 4, 5, 11, 0),
(109, 17, 12, 11, 9, 0),
(110, 16, 1, 2, 1, 0),
(111, 17, 2, 6, 19, 0),
(112, 16, 10, 0, 1, 0),
(113, 17, 1, 6, 5, 2),
(114, 17, 5, 4, 2, 0),
(115, 2, 5, 12, 19, 0),
(116, 2, 10, 11, 18, 0),
(117, 16, 8, 0, 2, 0),
(118, 2, 12, 50, 51, 0),
(119, 16, 6, 0, 1, 0),
(120, 17, 16, 0, 1, 0),
(121, 16, 15, 0, 1, 0),
(122, 12, 15, 3, 1, 0),
(123, 16, 5, 0, 2, 0),
(124, 16, 12, 1, 0, 0),
(125, 17, 13, 1, 1, 0),
(126, 11, 7, 3, 0, 0),
(127, 2, 6, 41, 62, 0),
(128, 2, 8, 15, 26, 0),
(129, 12, 13, 4, 1, 0),
(130, 2, 16, 3, 9, 0),
(131, 11, 16, 1, 2, 0),
(132, 2, 11, 19, 23, 0),
(133, 17, 9, 5, 4, 0),
(134, 17, 10, 4, 3, 0),
(135, 11, 15, 2, 1, 0),
(136, 17, 6, 6, 7, 0),
(137, 17, 8, 8, 2, 0),
(138, 17, 11, 2, 1, 0),
(139, 2, 9, 17, 18, 0),
(140, 17, 14, 2, 2, 0),
(141, 2, 14, 9, 10, 0),
(142, 2, 7, 3, 5, 0),
(143, 2, 15, 1, 4, 0),
(144, 6, 15, 2, 2, 0),
(145, 18, 2, 0, 1, 0),
(146, 19, 11, 0, 1, 0),
(147, 19, 3, 5, 5, 0),
(148, 19, 4, 2, 0, 0),
(149, 19, 1, 1, 2, 1),
(150, 20, 2, 1, 1, 0),
(151, 19, 2, 2, 1, 0),
(152, 20, 3, 3, 1, 0),
(153, 19, 5, 0, 1, 0),
(154, 20, 5, 1, 0, 0),
(155, 20, 6, 0, 1, 0),
(156, 19, 6, 1, 1, 0),
(157, 19, 10, 0, 1, 0),
(158, 20, 1, 1, 1, 0),
(159, 19, 9, 0, 1, 0),
(160, 20, 4, 0, 1, 0),
(161, 19, 12, 0, 1, 0),
(162, 11, 17, 8, 4, 0),
(163, 2, 17, 28, 20, 3),
(164, 12, 17, 5, 6, 1),
(165, 21, 12, 2, 1, 0),
(166, 21, 3, 5, 9, 0),
(167, 21, 2, 1, 3, 0),
(168, 21, 8, 0, 1, 0),
(169, 21, 6, 2, 0, 0),
(170, 21, 11, 1, 0, 0),
(171, 21, 4, 3, 1, 0),
(172, 21, 17, 0, 1, 0),
(173, 21, 10, 1, 0, 0),
(174, 22, 4, 0, 2, 0),
(175, 22, 3, 1, 0, 0),
(176, 23, 3, 1, 0, 0),
(177, 23, 1, 1, 0, 0),
(178, 23, 6, 1, 0, 0),
(179, 23, 4, 6, 2, 0),
(180, 23, 12, 0, 1, 0),
(181, 23, 8, 1, 0, 0),
(182, 24, 12, 0, 1, 0),
(183, 6, 17, 1, 4, 0),
(184, 25, 10, 0, 1, 0),
(185, 26, 3, 0, 1, 0),
(186, 26, 6, 0, 1, 0),
(187, 31, 2, 6, 14, 0),
(188, 31, 11, 1, 3, 0),
(189, 31, 1, 3, 6, 0),
(190, 31, 4, 7, 8, 0),
(191, 31, 5, 4, 1, 0),
(192, 31, 3, 23, 23, 0),
(193, 31, 17, 6, 3, 1),
(194, 31, 12, 1, 4, 0),
(195, 32, 3, 8, 3, 0),
(196, 31, 6, 3, 6, 0),
(197, 32, 6, 3, 3, 0),
(198, 31, 9, 0, 2, 0),
(199, 32, 9, 2, 0, 0),
(200, 32, 10, 1, 1, 0),
(201, 31, 10, 1, 1, 0),
(202, 31, 7, 0, 1, 0),
(203, 32, 7, 1, 0, 0),
(204, 32, 5, 1, 1, 0),
(205, 31, 16, 1, 2, 0),
(206, 33, 3, 18, 28, 0),
(207, 33, 4, 6, 5, 0),
(208, 32, 13, 1, 0, 0),
(209, 33, 12, 6, 2, 0),
(210, 32, 2, 0, 1, 0),
(211, 33, 2, 7, 5, 0),
(212, 32, 12, 1, 0, 0),
(213, 33, 6, 8, 3, 0),
(214, 32, 14, 1, 1, 0),
(215, 29, 3, 55, 37, 0),
(216, 29, 6, 12, 6, 0),
(217, 29, 14, 4, 1, 0),
(218, 33, 1, 1, 0, 0),
(219, 29, 10, 7, 0, 0),
(220, 29, 2, 25, 14, 0),
(221, 33, 11, 3, 3, 0),
(222, 29, 12, 9, 7, 0),
(223, 29, 4, 12, 4, 0),
(224, 33, 8, 1, 2, 0),
(225, 29, 8, 5, 1, 0),
(226, 31, 13, 0, 2, 0),
(227, 33, 16, 2, 0, 0),
(228, 29, 11, 4, 4, 0),
(229, 29, 16, 3, 2, 0),
(230, 33, 9, 1, 1, 0),
(231, 29, 13, 4, 1, 0),
(232, 33, 5, 2, 1, 0),
(233, 29, 5, 3, 5, 0),
(234, 29, 1, 3, 1, 0),
(235, 33, 10, 0, 3, 0),
(236, 33, 14, 0, 1, 0),
(237, 31, 14, 0, 1, 0),
(238, 29, 9, 4, 4, 0),
(239, 33, 7, 2, 0, 0),
(240, 29, 17, 6, 12, 0),
(241, 34, 3, 2, 3, 0),
(242, 34, 4, 2, 1, 0),
(243, 34, 6, 0, 2, 0),
(244, 34, 12, 0, 1, 0),
(245, 34, 5, 1, 0, 0),
(246, 34, 2, 0, 3, 0),
(247, 34, 15, 0, 1, 0),
(248, 29, 15, 1, 0, 0),
(249, 34, 17, 0, 0, 1),
(250, 33, 13, 0, 1, 0),
(251, 38, 16, 2, 1, 0),
(252, 38, 6, 7, 8, 0),
(253, 38, 9, 5, 2, 0),
(254, 38, 12, 7, 7, 0),
(255, 38, 3, 46, 40, 0),
(256, 38, 2, 24, 12, 0),
(257, 38, 11, 5, 0, 0),
(258, 38, 4, 6, 10, 0),
(259, 38, 7, 0, 1, 0),
(260, 38, 5, 1, 1, 0),
(261, 38, 13, 5, 1, 0),
(262, 38, 8, 5, 4, 0),
(263, 38, 17, 0, 4, 1),
(264, 38, 10, 2, 3, 0),
(265, 48, 4, 5, 4, 0),
(266, 47, 4, 4, 5, 0),
(267, 48, 8, 2, 2, 0),
(268, 47, 8, 2, 2, 0),
(269, 48, 13, 1, 1, 0),
(270, 47, 13, 1, 1, 0),
(271, 48, 5, 1, 1, 0),
(272, 47, 5, 1, 1, 0),
(273, 48, 3, 5, 8, 0),
(274, 47, 3, 8, 5, 0),
(275, 48, 1, 3, 11, 2),
(276, 47, 12, 0, 1, 0),
(277, 48, 12, 1, 0, 0),
(278, 47, 1, 14, 6, 1),
(279, 47, 2, 2, 5, 0),
(280, 48, 2, 5, 2, 0),
(281, 47, 6, 0, 1, 0),
(282, 48, 6, 1, 0, 0),
(283, 48, 11, 0, 1, 0),
(284, 47, 11, 1, 0, 0),
(285, 47, 15, 0, 1, 0),
(286, 48, 15, 1, 0, 0),
(287, 47, 7, 0, 1, 0),
(288, 48, 7, 1, 0, 0),
(289, 38, 1, 2, 3, 1),
(290, 1, 6, 0, 2, 0),
(291, 49, 3, 1, 0, 0),
(292, 1, 4, 0, 1, 0),
(293, 49, 2, 0, 1, 0),
(294, 1, 3, 1, 2, 0),
(295, 1, 2, 0, 1, 0),
(296, 38, 14, 0, 2, 0),
(297, 38, 15, 1, 0, 0),
(298, 51, 8, 3, 2, 0),
(299, 51, 1, 0, 8, 0),
(300, 51, 12, 3, 7, 0),
(301, 51, 2, 6, 15, 0),
(302, 51, 3, 13, 18, 0),
(303, 51, 6, 2, 5, 0),
(304, 52, 3, 1, 3, 0),
(305, 51, 10, 4, 1, 0),
(306, 52, 8, 0, 1, 0),
(307, 52, 12, 1, 0, 0),
(308, 52, 2, 0, 2, 0),
(309, 51, 4, 5, 6, 0),
(310, 52, 4, 1, 0, 0),
(311, 52, 10, 0, 2, 0),
(312, 52, 6, 2, 0, 0),
(313, 52, 1, 0, 1, 0),
(314, 51, 5, 3, 1, 0),
(315, 51, 13, 1, 2, 0),
(316, 53, 1, 1, 0, 0),
(317, 53, 5, 0, 1, 0),
(318, 13, 11, 1, 0, 0),
(319, 51, 16, 0, 1, 0),
(320, 51, 9, 0, 1, 0),
(321, 13, 7, 0, 1, 0),
(322, 51, 14, 1, 0, 0),
(323, 55, 1, 3, 4, 2),
(324, 57, 1, 6, 6, 0),
(325, 61, 13, 1, 0, 0),
(326, 61, 6, 2, 2, 0),
(327, 61, 12, 1, 1, 0),
(328, 61, 1, 5, 1, 2),
(329, 61, 4, 1, 5, 0),
(330, 62, 4, 5, 4, 0),
(331, 62, 3, 14, 19, 0),
(332, 61, 3, 9, 1, 0),
(333, 61, 2, 3, 2, 0),
(334, 62, 8, 3, 2, 0),
(335, 62, 9, 0, 2, 0),
(336, 62, 1, 2, 3, 2),
(337, 62, 10, 3, 5, 0),
(338, 61, 10, 2, 1, 0),
(339, 61, 11, 0, 1, 0),
(340, 62, 2, 9, 4, 0),
(341, 61, 9, 0, 1, 0),
(342, 61, 5, 0, 1, 0),
(343, 62, 5, 1, 0, 0),
(344, 62, 12, 0, 1, 0),
(345, 62, 6, 3, 1, 0),
(346, 61, 8, 0, 1, 0),
(347, 62, 16, 1, 0, 0),
(348, 62, 11, 3, 1, 0),
(349, 62, 14, 1, 0, 0),
(350, 55, 3, 4, 6, 0),
(351, 55, 6, 1, 4, 0),
(352, 55, 2, 5, 8, 0),
(353, 64, 1, 3, 1, 0),
(354, 64, 2, 3, 0, 0),
(355, 64, 8, 1, 0, 0),
(356, 64, 12, 0, 1, 0),
(357, 64, 6, 2, 1, 0),
(358, 55, 7, 1, 0, 0),
(359, 55, 12, 0, 2, 0),
(360, 64, 4, 1, 0, 0),
(361, 64, 3, 1, 3, 0),
(362, 65, 12, 1, 0, 0),
(363, 65, 2, 1, 3, 0),
(364, 65, 6, 1, 1, 0),
(365, 65, 3, 3, 2, 0),
(366, 65, 1, 0, 0, 1),
(367, 65, 11, 1, 0, 0),
(368, 55, 4, 1, 3, 0),
(369, 55, 10, 0, 1, 0),
(370, 55, 13, 1, 0, 0),
(371, 55, 5, 2, 0, 0),
(372, 55, 9, 2, 1, 0),
(373, 55, 16, 1, 0, 0),
(374, 77, 9, 0, 1, 0),
(375, 77, 12, 2, 1, 0),
(376, 77, 3, 7, 4, 0),
(377, 77, 6, 1, 1, 0),
(378, 77, 5, 1, 0, 0),
(379, 78, 3, 11, 34, 0),
(380, 77, 7, 0, 2, 0),
(381, 78, 12, 1, 7, 0),
(382, 78, 2, 11, 13, 0),
(383, 77, 4, 1, 0, 0),
(384, 77, 11, 1, 0, 0),
(385, 78, 8, 3, 0, 0),
(386, 78, 4, 3, 7, 0),
(387, 77, 1, 0, 1, 0),
(388, 78, 5, 0, 2, 0),
(389, 78, 6, 0, 4, 0),
(390, 78, 1, 4, 5, 4),
(391, 78, 10, 0, 1, 0),
(392, 79, 3, 1, 1, 0),
(393, 79, 9, 0, 1, 0),
(394, 79, 1, 0, 2, 0),
(395, 79, 11, 0, 1, 0),
(396, 79, 5, 0, 1, 0),
(397, 80, 2, 0, 1, 0),
(398, 80, 3, 0, 2, 0),
(399, 80, 4, 0, 1, 0),
(400, 81, 3, 1, 1, 0),
(401, 82, 11, 0, 1, 0),
(402, 82, 3, 0, 1, 0),
(403, 82, 13, 1, 0, 0),
(404, 82, 6, 1, 1, 0),
(405, 82, 2, 1, 0, 0),
(406, 7, 11, 1, 0, 0),
(407, 7, 15, 1, 0, 0),
(408, 7, 14, 1, 1, 0),
(409, 7, 10, 1, 0, 0),
(410, 83, 5, 0, 1, 0),
(411, 83, 3, 2, 5, 0),
(412, 83, 2, 1, 2, 0),
(413, 83, 4, 1, 2, 0),
(414, 84, 12, 0, 2, 0),
(415, 83, 12, 3, 1, 0),
(416, 83, 10, 0, 2, 0),
(417, 83, 11, 0, 1, 0),
(418, 83, 8, 0, 1, 0),
(419, 90, 1, 7, 1, 0),
(420, 90, 9, 0, 1, 0),
(421, 91, 9, 1, 0, 0),
(422, 91, 5, 1, 2, 0),
(423, 90, 5, 2, 1, 0),
(424, 90, 6, 2, 1, 0),
(425, 91, 6, 1, 2, 0),
(426, 91, 3, 5, 8, 0),
(427, 90, 3, 8, 5, 0),
(428, 91, 16, 1, 2, 0),
(429, 90, 16, 2, 1, 0),
(430, 91, 12, 2, 1, 0),
(431, 90, 12, 1, 2, 0),
(432, 91, 2, 3, 4, 0),
(433, 90, 2, 4, 3, 0),
(434, 90, 13, 0, 1, 0),
(435, 91, 13, 1, 0, 0),
(436, 90, 4, 3, 5, 0),
(437, 91, 4, 5, 3, 0),
(438, 90, 8, 0, 1, 0),
(439, 91, 8, 1, 0, 0),
(440, 91, 1, 0, 6, 1),
(441, 90, 11, 0, 1, 0),
(442, 91, 11, 1, 0, 0);

-- --------------------------------------------------------

--
-- Tabelstructuur voor tabel `stats_map`
--

CREATE TABLE IF NOT EXISTS `stats_map` (
  `map_id` tinyint(11) unsigned NOT NULL,
  `map_name` varchar(100) DEFAULT NULL,
  `rounds` int(11) unsigned DEFAULT NULL,
  `kills` int(11) unsigned DEFAULT NULL,
  `suicides` int(11) unsigned DEFAULT NULL
) ENGINE=InnoDB AUTO_INCREMENT=14 DEFAULT CHARSET=latin1;

--
-- Gegevens worden geëxporteerd voor tabel `stats_map`
--

INSERT INTO `stats_map` (`map_id`, `map_name`, `rounds`, `kills`, `suicides`) VALUES
(1, 'mp_checkpoint', 296, 88, 16),
(2, 'mp_terminal', 20, 457, 0),
(3, 'mp_underpass', 18, 283, 11),
(4, 'mp_afghan', 1031, 19, 4),
(5, 'mp_quarry', 384, 142, 9),
(6, 'mp_nightshift', 22, 267, 0),
(7, 'mp_boneyard', 52, 167, 0),
(8, 'mp_rust', 23, 519, 2),
(9, 'mp_highrise', 554, 21, 25),
(10, 'mp_favela', 21, 697, 26),
(11, 'mp_rundown', 17, 428, 2),
(12, 'mp_crash', 32, 4, 0),
(13, 'mp_vacant', 20, 0, 0);

-- --------------------------------------------------------

--
-- Tabelstructuur voor tabel `stats_name`
--

CREATE TABLE IF NOT EXISTS `stats_name` (
  `name_id` mediumint(11) unsigned NOT NULL,
  `name` varchar(25) DEFAULT NULL,
  `ip` varchar(15) DEFAULT NULL,
  `time` int(255) unsigned DEFAULT '0',
  `connections` smallint(11) unsigned DEFAULT '1',
  `kills` int(11) unsigned DEFAULT '0',
  `deaths` int(11) unsigned DEFAULT '0',
  `suicides` int(11) unsigned DEFAULT '0',
  `score` smallint(11) unsigned DEFAULT '1000',
  `winstreak` smallint(11) unsigned DEFAULT '0',
  `losestreak` smallint(11) DEFAULT '0',
  `kicks` smallint(11) unsigned DEFAULT '0',
  `first_seen` timestamp NULL DEFAULT '0000-00-00 00:00:00',
  `last_seen` timestamp NULL DEFAULT '0000-00-00 00:00:00',
  `hide` tinyint(2) NOT NULL,
  `hide_reason` varchar(255) NOT NULL
) ENGINE=InnoDB AUTO_INCREMENT=92 DEFAULT CHARSET=latin1;

--
-- Gegevens worden geëxporteerd voor tabel `stats_name`
--

INSERT INTO `stats_name` (`name_id`, `name`, `ip`, `time`, `connections`, `kills`, `deaths`, `suicides`, `score`, `winstreak`, `losestreak`, `kicks`, `first_seen`, `last_seen`, `hide`, `hide_reason`) VALUES
(1, 'thunderbug', '62.235.130.9', 1139, 33, 2, 8, 0, 969, 0, 0, 2, '2015-03-08 10:29:22', '2015-03-14 16:40:17', 0, ''),
(2, '=[JFF]=Sammy', '62.209.16.15', 5395, 24, 738, 833, 44, 1063, 0, 0, 12, '2015-03-08 10:33:16', '2015-03-20 12:03:18', 0, ''),
(3, 'anjulon', NULL, 0, 1, 0, 1, 0, 995, 0, 0, 0, '2015-03-08 11:11:22', '2015-03-08 11:11:25', 0, ''),
(4, 'Sam*...*', '62.209.16.24', 76, 1, 0, 0, 0, 1000, 0, 0, 0, '2015-03-08 12:32:07', '0000-00-00 00:00:00', 0, ''),
(5, 'IFlowZz', NULL, 485, 1, 5, 3, 0, 1009, 0, 0, 0, '2015-03-08 12:50:50', '2015-03-08 12:58:51', 0, ''),
(6, 'kontselis', '85.73.179.49', 1734, 6, 449, 504, 22, 987, 0, 0, 0, '2015-03-08 12:50:58', '2015-03-19 15:04:35', 0, ''),
(7, '34DERFOS', '178.59.10.235', 684, 2, 50, 48, 1, 1022, 0, 0, 0, '2015-03-08 13:01:46', '2015-03-19 14:33:46', 0, ''),
(8, 'kaskad', '85.115.248.43', 592, 1, 12, 15, 0, 986, 0, 0, 0, '2015-03-08 13:02:40', '2015-03-08 13:12:26', 0, ''),
(9, 'emfighter', '134.3.166.120', 220, 1, 10, 8, 0, 1010, 0, 0, 0, '2015-03-08 13:04:49', '2015-03-08 13:08:23', 0, ''),
(10, '', NULL, 0, 1, 0, 0, 0, 1000, 0, 0, 0, '2015-03-08 13:28:23', '0000-00-00 00:00:00', 0, ''),
(11, '=phOenix=', '2.186.67.205', 6093, 2, 420, 341, 4, 1157, 0, 0, 0, '2015-03-08 13:36:41', '2015-03-19 15:01:03', 0, ''),
(12, 'DERG!rste', '194.166.253.1', 1787, 3, 368, 215, 2, 1249, 0, 0, 0, '2015-03-08 13:56:05', '2015-03-08 18:52:25', 0, ''),
(13, '=[JFF]=Hanpha', '46.120.27.241', 5050, 2, 122, 160, 0, 971, 0, 0, 0, '2015-03-08 13:59:11', '2015-03-14 23:33:46', 0, ''),
(14, 'JuliusDerKing', NULL, 154, 1, 2, 2, 0, 999, 0, 0, 0, '2015-03-08 14:01:03', '2015-03-08 14:03:31', 0, ''),
(15, 'areslen', '197.2.187.193', 0, 1, 7, 2, 0, 1021, 0, 0, 0, '2015-03-08 14:13:17', '2015-03-08 14:19:27', 0, ''),
(16, '007makis', '46.21.60.100', 1306, 1, 25, 33, 0, 981, 0, 0, 0, '2015-03-08 14:48:32', '2015-03-08 15:10:42', 0, ''),
(17, 'Gr1mReaper', '141.138.36.179', 998, 1, 98, 116, 2, 999, 0, 0, 0, '2015-03-08 14:56:42', '2015-03-08 16:23:47', 0, ''),
(18, 'JustSider45', '88.219.62.222', 42, 1, 0, 1, 0, 996, 0, 0, 0, '2015-03-08 15:54:04', '2015-03-08 15:54:39', 0, ''),
(19, 'Maycele10', '83.205.78.170', 622, 1, 11, 14, 1, 985, 0, 0, 0, '2015-03-08 15:58:06', '2015-03-08 16:08:31', 0, ''),
(20, 'Sekerali', '81.104.254.83', 0, 1, 6, 5, 0, 1004, 0, 0, 0, '2015-03-08 15:59:53', '2015-03-08 16:03:10', 0, ''),
(21, 'xXAnGe04Xx', '5.50.52.29', 0, 1, 15, 16, 0, 1012, 0, 0, 0, '2015-03-08 17:46:36', '2015-03-08 17:53:10', 0, ''),
(22, '[420]GanjaGun', '84.191.175.112', 156, 1, 1, 2, 0, 998, 0, 0, 0, '2015-03-08 17:56:46', '2015-03-08 17:59:24', 0, ''),
(23, '[NS]RaZo', '83.83.207.98', 1842, 1, 10, 3, 0, 1029, 0, 0, 0, '2015-03-08 18:03:22', '2015-03-08 18:15:28', 0, ''),
(24, 'feaders', '90.24.246.164', 81, 1, 0, 1, 0, 995, 0, 0, 0, '2015-03-08 18:16:41', '2015-03-08 18:17:30', 0, ''),
(25, 'Turb0gam3r', '213.240.119.239', 30, 1, 0, 1, 0, 995, 0, 0, 0, '2015-03-08 18:28:27', '2015-03-08 18:28:46', 0, ''),
(26, 'alonso3000', '186.15.200.89', 92, 1, 0, 2, 0, 991, 0, 0, 0, '2015-03-08 18:46:14', '2015-03-08 18:47:10', 0, ''),
(27, 'Allisson13K', '187.112.218.209', 4, 1, 0, 0, 0, 1000, 0, 0, 0, '2015-03-08 18:47:09', '0000-00-00 00:00:00', 0, ''),
(28, 'CaraCast99', '62.69.134.254', 119, 1, 0, 0, 0, 1000, 0, 0, 0, '2015-03-08 19:12:54', '0000-00-00 00:00:00', 0, ''),
(29, '=[JFF]=Perdikos', '79.166.37.55', 1604, 3, 157, 99, 0, 1157, 0, 0, 0, '2015-03-08 23:18:32', '2015-03-14 16:53:00', 0, ''),
(30, 'romeo[rocks]', '103.41.29.27', 45, 1, 0, 0, 0, 1000, 0, 0, 0, '2015-03-09 08:35:59', '0000-00-00 00:00:00', 0, ''),
(31, 'ryujin', '77.70.16.48', 3059, 1, 56, 77, 1, 910, 0, 0, 0, '2015-03-09 17:16:59', '2015-03-10 14:14:02', 0, ''),
(32, 'KaRuZo', '88.69.124.127', 797, 1, 19, 10, 0, 1037, 0, 0, 0, '2015-03-09 17:34:19', '2015-03-09 17:46:24', 0, ''),
(33, 'Mataz', '78.62.0.196', 1170, 1, 57, 55, 0, 987, 0, 0, 0, '2015-03-09 17:39:53', '2015-03-10 18:14:51', 0, ''),
(34, 'ReplayPiskio', '83.204.232.215', 2093, 1, 5, 11, 1, 976, 0, 0, 0, '2015-03-09 18:15:08', '2015-03-09 18:22:06', 0, ''),
(35, 'esmalote1', '179.52.213.57', 196, 1, 0, 0, 0, 1000, 0, 0, 0, '2015-03-09 20:02:21', '0000-00-00 00:00:00', 0, ''),
(36, 'r_o_n_i_n', '31.147.75.165', 9, 1, 0, 0, 0, 1000, 0, 0, 0, '2015-03-09 21:31:34', '0000-00-00 00:00:00', 0, ''),
(37, 'MaxZero', '186.209.13.186', 65, 1, 0, 0, 0, 1000, 0, 0, 0, '2015-03-11 12:37:17', '0000-00-00 00:00:00', 0, ''),
(38, '=[JFF]=cuxilito', '37.134.163.218', 96940, 4, 118, 99, 2, 1054, 0, 0, 0, '2015-03-11 16:07:56', '2015-03-14 17:49:53', 0, ''),
(39, 'ByDexel12', '85.52.106.247', 28, 1, 0, 0, 0, 1000, 0, 0, 0, '2015-03-11 18:06:59', '0000-00-00 00:00:00', 0, ''),
(40, 'TOM1', '89.201.149.253', 34, 1, 0, 0, 0, 1000, 0, 0, 0, '2015-03-11 22:02:23', '0000-00-00 00:00:00', 0, ''),
(41, 'abdel93360', '78.237.72.29', 17, 1, 0, 0, 0, 1000, 0, 0, 0, '2015-03-13 16:29:55', '0000-00-00 00:00:00', 0, ''),
(42, 'justinsmom12', '97.92.194.11', 152, 1, 0, 0, 0, 1000, 0, 0, 0, '2015-03-13 20:50:38', '0000-00-00 00:00:00', 0, ''),
(43, 'papai', '202.78.232.5', 76, 1, 0, 0, 0, 1000, 0, 0, 0, '2015-03-14 07:28:26', '0000-00-00 00:00:00', 0, ''),
(44, 'papasha_go', '109.174.6.209', 30, 1, 0, 0, 0, 1000, 0, 0, 0, '2015-03-14 09:58:55', '0000-00-00 00:00:00', 0, ''),
(45, 'tehwoup', '83.194.242.249', 32, 1, 0, 0, 0, 1000, 0, 0, 0, '2015-03-14 10:24:38', '0000-00-00 00:00:00', 0, ''),
(46, 'MizterPlatinum', '88.0.0.58', 43, 1, 0, 0, 0, 1000, 0, 0, 0, '2015-03-14 12:34:53', '0000-00-00 00:00:00', 0, ''),
(47, 'KingAFGuN', '85.176.252.94', 1734, 1, 33, 29, 1, 1026, 0, 0, 0, '2015-03-14 15:05:08', '2015-03-14 15:33:07', 0, ''),
(48, 'KillerDerBABAS', '46.59.226.51', 1718, 1, 26, 30, 2, 989, 0, 0, 0, '2015-03-14 15:05:17', '2015-03-14 15:33:07', 0, ''),
(49, 'Crydim', '87.120.9.62', 106, 1, 1, 1, 0, 1000, 0, 0, 0, '2015-03-14 16:35:46', '2015-03-14 16:37:26', 0, ''),
(50, 'vanguardbf3', '187.15.56.51', 12, 1, 0, 0, 0, 1000, 0, 0, 0, '2015-03-14 18:37:56', '0000-00-00 00:00:00', 0, ''),
(51, '=[JFF]= Trobon', '79.234.65.112', 414, 4, 41, 67, 0, 871, 0, 0, 0, '2015-03-14 20:01:29', '2015-03-14 23:33:19', 0, ''),
(52, 'AdderallAdmiral', '173.32.32.68', 245, 1, 5, 9, 0, 977, 0, 0, 0, '2015-03-14 22:06:09', '2015-03-14 22:10:14', 0, ''),
(53, '|SeX| Akina', '80.203.132.175', 56, 1, 1, 1, 0, 999, 0, 0, 0, '2015-03-14 22:42:22', '2015-03-14 22:43:13', 0, ''),
(54, 'Pretzel', '173.71.153.49', 26, 1, 0, 0, 0, 1000, 0, 0, 0, '2015-03-15 05:22:40', '0000-00-00 00:00:00', 0, ''),
(55, '=[JFF]=Trobon', '79.234.89.125', 314, 2, 21, 29, 2, 961, 0, 0, 1, '2015-03-15 14:22:21', '2015-03-18 20:07:27', 0, ''),
(56, '|$$|-GrimJaw', '39.33.85.155', 55, 1, 0, 0, 0, 1000, 0, 0, 0, '2015-03-15 17:22:01', '0000-00-00 00:00:00', 0, ''),
(57, 'rustiger', '37.115.172.248', 273, 1, 6, 6, 0, 1020, 0, 0, 0, '2015-03-15 18:07:45', '2015-03-15 18:12:07', 0, ''),
(58, 'GlannYT', '2.126.182.181', 32, 1, 0, 0, 0, 1000, 0, 0, 0, '2015-03-15 20:02:15', '0000-00-00 00:00:00', 0, ''),
(59, 'CasualPlayer', '70.114.131.83', 409, 1, 0, 0, 0, 1000, 0, 0, 0, '2015-03-16 03:03:10', '0000-00-00 00:00:00', 0, ''),
(60, 'VECTOR1911', '39.35.65.160', 20, 1, 0, 0, 0, 1000, 0, 0, 0, '2015-03-16 19:43:17', '0000-00-00 00:00:00', 0, ''),
(61, 'LoGz :3', '91.88.56.148', 2707, 1, 24, 17, 2, 1023, 0, 0, 0, '2015-03-17 11:06:37', '2015-03-17 11:16:13', 0, ''),
(62, 'eXcmaRv', '86.56.20.110', 635, 1, 45, 42, 2, 987, 0, 0, 0, '2015-03-17 11:08:04', '2015-03-17 11:36:09', 0, ''),
(63, 'pLuS`', '39.43.21.86', 14, 1, 0, 0, 0, 1000, 0, 0, 0, '2015-03-17 16:40:47', '0000-00-00 00:00:00', 0, ''),
(64, 'MainMedia', '93.131.69.151', 624, 1, 11, 6, 0, 1025, 0, 0, 0, '2015-03-17 17:08:09', '2015-03-17 17:15:15', 0, ''),
(65, 'St4rBr3aker', '79.236.5.45', 116699, 1, 7, 6, 1, 1001, 0, 0, 0, '2015-03-17 17:13:15', '2015-03-17 17:19:00', 0, ''),
(66, 'Insolent', '46.99.7.143', 104, 1, 0, 0, 0, 1000, 0, 0, 0, '2015-03-17 23:25:19', '0000-00-00 00:00:00', 0, ''),
(67, 'zMilesh', '79.31.92.13', 65, 1, 0, 0, 0, 1000, 0, 0, 0, '2015-03-17 23:30:43', '0000-00-00 00:00:00', 0, ''),
(68, 'JaFfa228', '188.113.137.98', 28, 1, 0, 0, 0, 1000, 0, 0, 0, '2015-03-18 03:57:57', '0000-00-00 00:00:00', 0, ''),
(69, 'jntt', '189.79.220.204', 63, 1, 0, 0, 0, 1000, 0, 0, 0, '2015-03-18 04:04:52', '0000-00-00 00:00:00', 0, ''),
(70, 'hXs THE PRO', '85.29.179.90', 2, 1, 0, 0, 0, 1000, 0, 0, 0, '2015-03-18 10:05:45', '0000-00-00 00:00:00', 0, ''),
(71, 'CNADUM', '85.141.85.165', 28, 1, 0, 0, 0, 1000, 0, 0, 0, '2015-03-18 16:23:37', '0000-00-00 00:00:00', 0, ''),
(72, 'ViZe Zaidex', '189.217.69.158', 22, 1, 0, 0, 0, 1000, 0, 0, 0, '2015-03-18 20:20:55', '0000-00-00 00:00:00', 0, ''),
(73, '---Rasmus---', '90.190.112.124', 9, 1, 0, 0, 0, 1000, 0, 0, 0, '2015-03-18 21:03:07', '0000-00-00 00:00:00', 0, ''),
(74, 'DellotrixSniper', '80.131.74.155', 94, 1, 0, 0, 0, 1000, 0, 0, 0, '2015-03-19 00:06:50', '0000-00-00 00:00:00', 0, ''),
(75, 'themadman', '41.250.219.246', 7, 1, 0, 0, 0, 1000, 0, 0, 0, '2015-03-19 01:05:26', '0000-00-00 00:00:00', 0, ''),
(76, 'Fi Metal', '67.60.29.26', 71, 1, 0, 0, 0, 1000, 0, 0, 0, '2015-03-19 09:01:12', '0000-00-00 00:00:00', 0, ''),
(77, 'Fracctal', '92.74.167.189', 630, 1, 13, 10, 0, 1018, 0, 0, 0, '2015-03-19 10:33:49', '2015-03-19 10:43:16', 0, ''),
(78, 'Arts', '50.127.197.146', 860, 1, 33, 73, 4, 873, 0, 0, 0, '2015-03-19 10:37:48', '2015-03-19 11:48:58', 0, ''),
(79, 'poonhunter101', '106.68.203.37', 399, 1, 1, 6, 0, 977, 0, 0, 0, '2015-03-19 11:04:20', '2015-03-19 11:09:15', 0, ''),
(80, 'Hunt3R3X', '39.34.151.124', 362, 1, 0, 4, 0, 979, 0, 0, 0, '2015-03-19 11:26:22', '2015-03-19 11:32:14', 0, ''),
(81, '|VIg|striker_Z!', '39.47.65.201', 107, 1, 1, 1, 0, 999, 0, 0, 0, '2015-03-19 11:40:16', '2015-03-19 11:40:42', 0, ''),
(82, 'Ganibal', '109.226.125.244', 0, 1, 3, 3, 0, 1002, 0, 0, 0, '2015-03-19 12:05:07', '2015-03-19 12:06:14', 0, ''),
(83, 'eXBlade', '178.1.248.145', 0, 1, 7, 15, 0, 970, 0, 0, 0, '2015-03-19 14:42:19', '2015-03-19 14:48:29', 0, ''),
(84, 'ziino11', '41.251.93.253', 140, 1, 0, 2, 0, 990, 0, 0, 0, '2015-03-19 14:42:47', '2015-03-19 14:44:46', 0, ''),
(85, 'polo45', '46.118.12.150', 5, 1, 0, 0, 0, 1000, 0, 0, 0, '2015-03-19 15:33:41', '0000-00-00 00:00:00', 0, ''),
(86, 'SherlockSk8', '79.224.250.88', 19, 1, 0, 0, 0, 1000, 0, 0, 0, '2015-03-19 18:52:00', '0000-00-00 00:00:00', 0, ''),
(87, 'Prop', '101.127.77.184', 109, 1, 0, 0, 0, 1000, 0, 0, 0, '2015-03-20 07:47:25', '0000-00-00 00:00:00', 0, ''),
(88, 'Marshall_Salman', '39.51.104.61', 65, 1, 0, 0, 0, 1000, 0, 0, 0, '2015-03-20 13:16:58', '0000-00-00 00:00:00', 0, ''),
(89, 'ljann123', '178.149.154.213', 38, 1, 0, 0, 0, 1000, 0, 0, 0, '2015-03-20 13:54:15', '0000-00-00 00:00:00', 0, ''),
(90, 'IlTizioAnonimo', '94.37.206.171', 1653, 1, 29, 23, 0, 1031, 0, 0, 0, '2015-03-20 16:59:43', '2015-03-20 17:25:32', 0, ''),
(91, 'RumenoAssasino', '94.37.206.171', 1591, 1, 22, 28, 1, 974, 0, 0, 0, '2015-03-20 17:00:55', '2015-03-20 17:25:32', 0, '');

-- --------------------------------------------------------

--
-- Tabelstructuur voor tabel `stats_opponents`
--

CREATE TABLE IF NOT EXISTS `stats_opponents` (
  `opponents_id` int(10) unsigned NOT NULL,
  `name_id_1` mediumint(8) unsigned DEFAULT NULL,
  `name_id_2` mediumint(8) unsigned DEFAULT NULL,
  `kills_1` smallint(5) unsigned DEFAULT '0',
  `kills_2` smallint(5) unsigned DEFAULT '0',
  `lastkill_1` datetime DEFAULT NULL,
  `lastkill_2` datetime DEFAULT NULL
) ENGINE=InnoDB AUTO_INCREMENT=122 DEFAULT CHARSET=latin1;

--
-- Gegevens worden geëxporteerd voor tabel `stats_opponents`
--

INSERT INTO `stats_opponents` (`opponents_id`, `name_id_1`, `name_id_2`, `kills_1`, `kills_2`, `lastkill_1`, `lastkill_2`) VALUES
(1, 2, 2, 34, 0, '2015-03-19 21:52:31', NULL),
(2, 2, 3, 1, 0, '2015-03-08 12:11:25', NULL),
(3, 1, 1, 1, 0, '2015-03-08 12:32:57', NULL),
(4, 5, 6, 5, 3, '2015-03-08 13:57:38', '2015-03-08 13:58:51'),
(5, 6, 7, 14, 15, '2015-03-19 15:32:16', '2015-03-19 15:33:03'),
(6, 6, 8, 3, 5, '2015-03-08 14:12:26', '2015-03-08 14:11:04'),
(7, 8, 7, 6, 7, '2015-03-08 14:09:33', '2015-03-08 14:10:47'),
(8, 7, 9, 6, 3, '2015-03-08 14:08:23', '2015-03-08 14:08:18'),
(9, 9, 8, 5, 1, '2015-03-08 14:08:03', '2015-03-08 14:06:50'),
(10, 6, 9, 1, 2, '2015-03-08 14:05:20', '2015-03-08 14:06:07'),
(11, 7, 7, 1, 0, '2015-03-08 14:08:07', NULL),
(12, 11, 6, 112, 87, '2015-03-19 16:00:44', '2015-03-19 15:58:18'),
(13, 11, 12, 53, 77, '2015-03-08 19:47:16', '2015-03-08 19:48:54'),
(14, 6, 12, 53, 97, '2015-03-08 19:46:32', '2015-03-08 19:52:25'),
(15, 12, 13, 67, 21, '2015-03-08 16:24:48', '2015-03-08 16:24:34'),
(16, 14, 6, 2, 0, '2015-03-08 15:01:52', NULL),
(17, 13, 14, 1, 0, '2015-03-08 15:02:25', NULL),
(18, 11, 14, 1, 0, '2015-03-08 15:03:31', NULL),
(19, 11, 11, 5, 0, '2015-03-19 11:58:13', NULL),
(20, 11, 13, 19, 12, '2015-03-08 16:21:42', '2015-03-08 16:23:02'),
(21, 13, 13, 3, 0, '2015-03-15 00:28:02', NULL),
(22, 15, 13, 5, 0, '2015-03-08 15:19:26', NULL),
(23, 15, 6, 2, 2, '2015-03-08 15:19:27', '2015-03-08 15:18:38'),
(24, 13, 6, 41, 37, '2015-03-15 00:33:46', '2015-03-15 00:31:03'),
(25, 6, 6, 6, 0, '2015-03-19 16:00:52', NULL),
(26, 13, 2, 24, 18, '2015-03-15 00:02:24', '2015-03-15 00:01:24'),
(27, 12, 2, 53, 41, '2015-03-08 18:50:14', '2015-03-08 18:50:06'),
(28, 2, 6, 149, 150, '2015-03-19 15:45:59', '2015-03-19 15:45:37'),
(29, 12, 16, 20, 9, '2015-03-08 16:10:42', '2015-03-08 16:08:19'),
(30, 6, 16, 5, 5, '2015-03-08 16:04:42', '2015-03-08 16:03:50'),
(31, 2, 16, 5, 7, '2015-03-08 16:03:41', '2015-03-08 16:05:35'),
(32, 12, 17, 37, 26, '2015-03-08 16:51:12', '2015-03-08 16:59:55'),
(33, 17, 2, 26, 26, '2015-03-08 17:13:39', '2015-03-08 17:12:06'),
(34, 6, 17, 24, 24, '2015-03-08 17:23:47', '2015-03-08 17:22:40'),
(35, 11, 2, 153, 121, '2015-03-19 16:00:21', '2015-03-19 16:01:03'),
(36, 16, 11, 3, 1, '2015-03-08 16:09:18', '2015-03-08 16:09:43'),
(37, 13, 17, 7, 5, '2015-03-08 16:24:23', '2015-03-08 16:21:33'),
(38, 16, 17, 1, 2, '2015-03-08 16:08:14', '2015-03-08 16:09:55'),
(39, 11, 17, 17, 11, '2015-03-08 16:51:42', '2015-03-08 16:49:35'),
(40, 12, 18, 1, 0, '2015-03-08 16:54:39', NULL),
(41, 17, 17, 1, 0, '2015-03-08 16:56:01', NULL),
(42, 17, 19, 3, 3, '2015-03-08 17:01:04', '2015-03-08 16:59:38'),
(43, 19, 6, 3, 7, '2015-03-08 17:05:39', '2015-03-08 17:08:31'),
(44, 19, 20, 5, 4, '2015-03-08 17:03:11', '2015-03-08 17:02:11'),
(45, 20, 2, 2, 0, '2015-03-08 17:01:19', NULL),
(46, 12, 12, 2, 0, '2015-03-08 19:31:40', NULL),
(47, 21, 2, 6, 4, '2015-03-08 18:50:33', '2015-03-08 18:50:10'),
(48, 12, 21, 12, 9, '2015-03-08 18:52:12', '2015-03-08 18:53:10'),
(49, 12, 22, 2, 1, '2015-03-08 18:59:24', '2015-03-08 18:57:55'),
(50, 23, 2, 7, 3, '2015-03-08 19:11:01', '2015-03-08 19:12:46'),
(51, 23, 6, 3, 0, '2015-03-08 19:15:28', NULL),
(52, 6, 24, 1, 0, '2015-03-08 19:17:30', NULL),
(53, 11, 25, 1, 0, '2015-03-08 19:28:46', NULL),
(54, 11, 26, 2, 0, '2015-03-08 19:47:10', NULL),
(55, 2, 31, 38, 34, '2015-03-09 23:54:48', '2015-03-09 23:53:41'),
(56, 31, 31, 3, 0, '2015-03-09 23:36:24', NULL),
(57, 32, 31, 12, 6, '2015-03-09 18:43:11', '2015-03-09 18:42:22'),
(58, 33, 2, 27, 11, '2015-03-09 19:23:16', '2015-03-09 19:22:24'),
(59, 31, 33, 9, 14, '2015-03-09 18:57:15', '2015-03-09 18:58:50'),
(60, 32, 2, 7, 1, '2015-03-09 18:45:10', '2015-03-09 18:43:24'),
(61, 29, 33, 31, 14, '2015-03-09 19:23:35', '2015-03-09 19:18:37'),
(62, 29, 32, 3, 0, '2015-03-09 18:46:24', NULL),
(63, 2, 29, 61, 70, '2015-03-14 17:51:34', '2015-03-14 17:53:00'),
(64, 29, 31, 10, 4, '2015-03-09 19:08:03', '2015-03-09 19:04:20'),
(65, 33, 34, 2, 3, '2015-03-09 19:18:02', '2015-03-09 19:21:47'),
(66, 29, 34, 7, 2, '2015-03-09 19:22:06', '2015-03-09 19:21:56'),
(67, 2, 34, 2, 0, '2015-03-09 19:21:32', NULL),
(68, 29, 29, 1, 0, '2015-03-09 19:27:24', NULL),
(69, 6, 33, 1, 0, '2015-03-10 19:14:51', NULL),
(70, 38, 2, 103, 70, '2015-03-14 18:49:53', '2015-03-14 18:49:37'),
(71, 38, 29, 15, 29, '2015-03-14 17:36:35', '2015-03-14 17:40:23'),
(72, 47, 48, 30, 26, '2015-03-14 16:33:07', '2015-03-14 16:32:56'),
(73, 47, 47, 3, 0, '2015-03-14 16:31:50', NULL),
(74, 2, 1, 1, 0, '2015-03-14 17:36:12', NULL),
(75, 49, 29, 1, 0, '2015-03-14 17:36:45', NULL),
(76, 29, 1, 6, 1, '2015-03-14 17:40:17', '2015-03-14 17:38:37'),
(77, 2, 49, 1, 0, '2015-03-14 17:37:26', NULL),
(78, 51, 2, 14, 27, '2015-03-15 00:12:18', '2015-03-15 00:14:18'),
(79, 6, 51, 25, 18, '2015-03-15 00:33:19', '2015-03-15 00:31:18'),
(80, 2, 52, 2, 2, '2015-03-14 23:07:06', '2015-03-14 23:09:55'),
(81, 52, 6, 1, 5, '2015-03-14 23:07:32', '2015-03-14 23:10:14'),
(82, 52, 51, 2, 2, '2015-03-14 23:08:34', '2015-03-14 23:08:23'),
(83, 53, 6, 1, 0, '2015-03-14 23:42:40', NULL),
(84, 51, 53, 1, 0, '2015-03-14 23:43:13', NULL),
(85, 13, 51, 13, 6, '2015-03-15 00:14:07', '2015-03-15 00:10:41'),
(86, 55, 55, 3, 0, '2015-03-17 18:08:53', NULL),
(87, 57, 57, 6, 0, '2015-03-15 19:12:07', NULL),
(88, 61, 2, 15, 8, '2015-03-17 12:14:24', '2015-03-17 12:14:29'),
(89, 62, 61, 8, 8, '2015-03-17 12:16:13', '2015-03-17 12:16:13'),
(90, 62, 2, 37, 34, '2015-03-17 12:35:56', '2015-03-17 12:36:09'),
(91, 61, 61, 1, 0, '2015-03-17 12:14:40', NULL),
(92, 55, 2, 18, 22, '2015-03-18 21:04:40', '2015-03-18 21:07:27'),
(93, 64, 55, 2, 0, '2015-03-17 18:08:29', NULL),
(94, 64, 2, 6, 4, '2015-03-17 18:15:11', '2015-03-17 18:13:08'),
(95, 65, 55, 1, 0, '2015-03-17 18:13:16', NULL),
(96, 64, 64, 1, 0, '2015-03-17 18:13:24', NULL),
(97, 64, 65, 2, 1, '2015-03-17 18:14:43', '2015-03-17 18:15:15'),
(98, 65, 2, 5, 4, '2015-03-17 18:19:00', '2015-03-17 18:18:37'),
(99, 11, 55, 1, 0, '2015-03-18 21:03:13', NULL),
(100, 2, 77, 5, 3, '2015-03-19 11:43:02', '2015-03-19 11:40:20'),
(101, 11, 77, 2, 7, '2015-03-19 11:42:18', '2015-03-19 11:43:16'),
(102, 6, 77, 3, 1, '2015-03-19 11:38:39', '2015-03-19 11:36:58'),
(103, 6, 78, 14, 9, '2015-03-19 12:34:42', '2015-03-19 12:30:25'),
(104, 2, 78, 27, 11, '2015-03-19 12:48:58', '2015-03-19 12:46:01'),
(105, 11, 78, 28, 10, '2015-03-19 12:17:36', '2015-03-19 12:16:45'),
(106, 77, 78, 2, 0, '2015-03-19 11:40:45', NULL),
(107, 79, 6, 1, 1, '2015-03-19 12:05:17', '2015-03-19 12:07:31'),
(108, 11, 79, 5, 0, '2015-03-19 12:09:15', NULL),
(109, 78, 78, 1, 0, '2015-03-19 12:22:14', NULL),
(110, 6, 80, 3, 0, '2015-03-19 12:29:43', NULL),
(111, 78, 80, 1, 0, '2015-03-19 12:32:14', NULL),
(112, 78, 81, 1, 1, '2015-03-19 12:40:37', '2015-03-19 12:40:42'),
(113, 6, 82, 1, 0, '2015-03-19 13:05:23', NULL),
(114, 2, 82, 2, 3, '2015-03-19 13:06:08', '2015-03-19 13:06:14'),
(115, 2, 7, 16, 16, '2015-03-19 15:33:46', '2015-03-19 15:33:11'),
(116, 7, 11, 5, 8, '2015-03-19 15:21:23', '2015-03-19 15:20:14'),
(117, 11, 83, 12, 3, '2015-03-19 15:48:29', '2015-03-19 15:48:08'),
(118, 83, 6, 2, 3, '2015-03-19 15:46:26', '2015-03-19 15:44:29'),
(119, 83, 84, 2, 0, '2015-03-19 15:44:46', NULL),
(120, 90, 90, 1, 0, '2015-03-20 18:00:06', NULL),
(121, 91, 90, 22, 28, '2015-03-20 18:25:23', '2015-03-20 18:25:32');

-- --------------------------------------------------------

--
-- Tabelstructuur voor tabel `stats_playerweapons`
--

CREATE TABLE IF NOT EXISTS `stats_playerweapons` (
  `playerweapons_id` int(11) unsigned NOT NULL,
  `name_id` mediumint(11) unsigned DEFAULT NULL,
  `weapon_id` smallint(11) unsigned DEFAULT NULL,
  `kills` int(11) unsigned DEFAULT NULL,
  `deaths` int(11) unsigned DEFAULT NULL,
  `suicides` smallint(11) unsigned DEFAULT NULL
) ENGINE=InnoDB AUTO_INCREMENT=974 DEFAULT CHARSET=latin1;

--
-- Gegevens worden geëxporteerd voor tabel `stats_playerweapons`
--

INSERT INTO `stats_playerweapons` (`playerweapons_id`, `name_id`, `weapon_id`, `kills`, `deaths`, `suicides`) VALUES
(1, 2, 1, 24, 24, 41),
(2, 1, 1, 1, 1, 0),
(3, 6, 2, 0, 5, 0),
(4, 5, 2, 4, 0, 0),
(5, 6, 3, 51, 66, 0),
(6, 5, 3, 1, 0, 0),
(7, 5, 4, 0, 3, 0),
(8, 6, 4, 3, 10, 0),
(9, 5, 5, 0, 1, 0),
(10, 6, 5, 37, 67, 0),
(11, 5, 6, 0, 1, 0),
(12, 6, 6, 13, 41, 0),
(13, 7, 7, 0, 2, 0),
(14, 6, 7, 5, 0, 0),
(15, 8, 7, 0, 2, 0),
(16, 8, 6, 1, 2, 0),
(17, 6, 8, 15, 3, 0),
(18, 7, 8, 6, 0, 0),
(19, 7, 5, 6, 4, 0),
(20, 7, 9, 0, 4, 0),
(21, 8, 9, 9, 0, 0),
(22, 6, 9, 0, 31, 0),
(23, 9, 8, 0, 3, 0),
(24, 8, 10, 0, 2, 0),
(25, 9, 10, 3, 0, 0),
(26, 8, 5, 0, 1, 0),
(27, 9, 5, 1, 0, 0),
(28, 9, 7, 0, 1, 0),
(29, 6, 10, 0, 1, 0),
(30, 7, 11, 0, 3, 0),
(31, 9, 11, 7, 0, 0),
(32, 6, 11, 0, 1, 0),
(33, 9, 2, 0, 3, 0),
(34, 7, 2, 8, 0, 0),
(35, 8, 11, 0, 3, 0),
(36, 9, 9, 0, 1, 0),
(37, 8, 12, 0, 1, 0),
(38, 7, 12, 1, 0, 0),
(39, 7, 6, 1, 5, 0),
(40, 7, 1, 1, 1, 1),
(41, 8, 2, 0, 4, 0),
(42, 7, 13, 0, 1, 0),
(43, 8, 13, 1, 0, 0),
(44, 7, 14, 0, 3, 0),
(45, 6, 14, 104, 4, 0),
(46, 7, 15, 0, 1, 0),
(47, 8, 15, 1, 0, 0),
(48, 8, 16, 0, 2, 0),
(49, 7, 16, 2, 0, 0),
(50, 6, 17, 1, 2, 0),
(51, 8, 17, 1, 0, 0),
(52, 8, 14, 0, 1, 0),
(53, 6, 1, 6, 5, 22),
(54, 6, 18, 9, 4, 0),
(55, 11, 18, 6, 9, 0),
(56, 6, 19, 6, 9, 0),
(57, 11, 19, 6, 6, 0),
(58, 11, 6, 19, 22, 0),
(59, 6, 20, 7, 6, 0),
(60, 11, 20, 6, 3, 0),
(61, 6, 21, 6, 10, 0),
(62, 11, 21, 5, 4, 0),
(63, 6, 22, 6, 1, 0),
(64, 11, 22, 6, 6, 0),
(65, 11, 5, 37, 30, 0),
(66, 6, 23, 7, 4, 0),
(67, 11, 23, 6, 5, 0),
(68, 6, 24, 8, 6, 0),
(69, 11, 24, 6, 9, 0),
(70, 6, 25, 6, 8, 0),
(71, 11, 25, 6, 4, 0),
(72, 6, 26, 6, 9, 0),
(73, 11, 26, 5, 3, 0),
(74, 6, 27, 3, 5, 0),
(75, 11, 27, 5, 6, 0),
(76, 6, 28, 3, 9, 0),
(77, 11, 28, 6, 7, 0),
(78, 6, 29, 4, 5, 0),
(79, 11, 29, 5, 5, 0),
(80, 6, 30, 2, 4, 0),
(81, 11, 30, 4, 5, 0),
(82, 6, 31, 1, 6, 0),
(83, 11, 31, 5, 3, 0),
(84, 6, 32, 0, 11, 0),
(85, 11, 32, 4, 11, 0),
(86, 6, 33, 0, 2, 0),
(87, 11, 33, 3, 3, 0),
(88, 6, 34, 0, 3, 0),
(89, 11, 34, 3, 2, 0),
(90, 12, 35, 6, 5, 0),
(91, 11, 35, 3, 8, 0),
(92, 12, 18, 2, 1, 0),
(93, 12, 29, 1, 2, 0),
(94, 12, 36, 1, 1, 0),
(95, 11, 36, 3, 3, 0),
(96, 12, 19, 2, 1, 0),
(97, 12, 30, 1, 4, 0),
(98, 12, 20, 2, 2, 0),
(99, 12, 21, 2, 0, 0),
(100, 12, 22, 2, 1, 0),
(101, 12, 23, 2, 1, 0),
(102, 12, 24, 2, 1, 0),
(103, 12, 5, 60, 26, 0),
(104, 12, 25, 2, 1, 0),
(105, 12, 26, 2, 1, 0),
(106, 12, 37, 3, 1, 0),
(107, 11, 37, 2, 2, 0),
(108, 13, 38, 2, 18, 0),
(109, 12, 38, 60, 1, 0),
(110, 12, 39, 0, 4, 0),
(111, 13, 39, 10, 0, 0),
(112, 6, 40, 0, 3, 0),
(113, 14, 40, 2, 0, 0),
(114, 11, 38, 0, 9, 0),
(115, 6, 38, 0, 23, 0),
(116, 12, 41, 0, 6, 0),
(117, 13, 41, 14, 0, 0),
(118, 6, 42, 0, 6, 0),
(119, 12, 42, 13, 0, 0),
(120, 14, 39, 0, 1, 0),
(121, 14, 6, 0, 1, 0),
(122, 13, 6, 2, 6, 0),
(123, 12, 43, 0, 38, 0),
(124, 11, 43, 243, 4, 0),
(125, 11, 42, 0, 2, 0),
(126, 13, 42, 0, 4, 0),
(127, 14, 43, 0, 1, 0),
(128, 11, 1, 4, 5, 4),
(129, 13, 43, 0, 17, 0),
(130, 12, 14, 3, 32, 0),
(131, 13, 44, 0, 2, 0),
(132, 11, 44, 14, 0, 0),
(133, 13, 5, 11, 21, 0),
(134, 11, 45, 0, 2, 0),
(135, 13, 45, 3, 0, 0),
(136, 12, 6, 36, 6, 0),
(137, 13, 14, 0, 11, 0),
(138, 6, 43, 0, 62, 0),
(139, 11, 46, 1, 26, 0),
(140, 13, 46, 10, 16, 0),
(141, 11, 14, 0, 19, 0),
(142, 13, 1, 1, 1, 0),
(143, 6, 35, 38, 9, 0),
(144, 13, 47, 0, 3, 0),
(145, 15, 47, 4, 0, 0),
(146, 12, 48, 0, 4, 0),
(147, 13, 48, 19, 0, 0),
(148, 6, 47, 0, 1, 0),
(149, 15, 14, 0, 2, 0),
(150, 13, 49, 0, 2, 0),
(151, 15, 49, 1, 0, 0),
(152, 13, 4, 0, 5, 0),
(153, 15, 4, 2, 0, 0),
(154, 6, 50, 0, 7, 0),
(155, 12, 50, 17, 0, 0),
(156, 6, 51, 0, 12, 0),
(157, 12, 51, 15, 0, 0),
(158, 12, 49, 2, 9, 0),
(159, 6, 49, 15, 5, 0),
(160, 6, 52, 0, 5, 0),
(161, 12, 52, 6, 0, 0),
(162, 6, 53, 0, 14, 0),
(163, 12, 53, 35, 2, 0),
(164, 12, 54, 0, 2, 0),
(165, 13, 54, 6, 0, 0),
(166, 6, 54, 0, 2, 0),
(167, 12, 3, 84, 21, 0),
(168, 2, 54, 0, 2, 0),
(169, 13, 3, 0, 19, 0),
(170, 12, 44, 0, 1, 0),
(171, 6, 44, 9, 6, 0),
(172, 2, 3, 209, 66, 0),
(173, 2, 5, 59, 56, 0),
(174, 2, 6, 62, 43, 0),
(175, 6, 41, 0, 4, 0),
(176, 13, 51, 0, 1, 0),
(177, 16, 3, 0, 20, 0),
(178, 2, 51, 17, 2, 0),
(179, 12, 55, 0, 9, 0),
(180, 16, 55, 23, 0, 0),
(181, 16, 14, 0, 4, 0),
(182, 6, 56, 0, 7, 0),
(183, 2, 56, 15, 0, 0),
(184, 16, 5, 2, 3, 0),
(185, 16, 6, 0, 2, 0),
(186, 17, 3, 0, 29, 0),
(187, 2, 55, 1, 31, 0),
(188, 17, 51, 0, 3, 0),
(189, 17, 6, 3, 10, 0),
(190, 2, 57, 0, 4, 0),
(191, 17, 57, 9, 0, 0),
(192, 17, 5, 5, 9, 0),
(193, 6, 55, 0, 6, 0),
(194, 12, 57, 0, 2, 0),
(195, 17, 14, 3, 17, 0),
(196, 2, 39, 1, 3, 0),
(197, 16, 49, 0, 1, 0),
(198, 2, 58, 0, 3, 0),
(199, 16, 58, 1, 0, 0),
(200, 2, 41, 0, 4, 0),
(201, 2, 43, 5, 80, 0),
(202, 11, 3, 0, 50, 0),
(203, 12, 12, 10, 3, 0),
(204, 17, 12, 2, 0, 0),
(205, 6, 39, 0, 1, 0),
(206, 2, 4, 0, 16, 0),
(207, 17, 4, 39, 0, 0),
(208, 11, 51, 0, 11, 0),
(209, 12, 59, 0, 2, 0),
(210, 13, 59, 4, 0, 0),
(211, 11, 55, 0, 2, 0),
(212, 17, 35, 2, 0, 0),
(213, 17, 59, 0, 1, 0),
(214, 13, 53, 0, 13, 0),
(215, 16, 53, 0, 7, 0),
(216, 17, 53, 8, 1, 0),
(217, 11, 49, 17, 6, 0),
(218, 17, 55, 0, 1, 0),
(219, 11, 59, 0, 2, 0),
(220, 16, 59, 1, 0, 0),
(221, 17, 60, 0, 1, 0),
(222, 6, 60, 1, 0, 0),
(223, 16, 43, 0, 1, 0),
(224, 11, 61, 0, 2, 0),
(225, 13, 61, 19, 1, 0),
(226, 11, 62, 0, 1, 0),
(227, 2, 62, 7, 7, 0),
(228, 17, 43, 0, 14, 0),
(229, 6, 61, 0, 13, 0),
(230, 12, 61, 2, 0, 0),
(231, 17, 61, 0, 1, 0),
(232, 12, 63, 0, 19, 0),
(233, 2, 63, 43, 6, 0),
(234, 6, 64, 0, 1, 0),
(235, 12, 64, 1, 0, 0),
(236, 2, 65, 0, 1, 0),
(237, 12, 65, 1, 0, 0),
(238, 2, 44, 0, 9, 0),
(239, 6, 63, 0, 8, 0),
(240, 12, 45, 0, 1, 0),
(241, 6, 46, 0, 12, 0),
(242, 17, 63, 0, 9, 0),
(243, 2, 46, 0, 9, 0),
(244, 2, 14, 0, 10, 0),
(245, 17, 46, 0, 8, 0),
(246, 11, 53, 0, 5, 0),
(247, 12, 4, 0, 13, 0),
(248, 6, 66, 0, 1, 0),
(249, 13, 66, 1, 0, 0),
(250, 11, 63, 0, 8, 0),
(251, 12, 46, 62, 2, 0),
(252, 2, 53, 0, 17, 0),
(253, 11, 4, 0, 5, 0),
(254, 13, 63, 0, 3, 0),
(255, 11, 48, 0, 4, 0),
(256, 17, 48, 0, 4, 0),
(257, 2, 48, 0, 20, 0),
(258, 2, 67, 0, 4, 0),
(259, 17, 67, 7, 0, 0),
(260, 12, 67, 0, 1, 0),
(261, 13, 68, 0, 2, 0),
(262, 2, 68, 6, 0, 0),
(263, 6, 67, 0, 1, 0),
(264, 12, 68, 0, 1, 0),
(265, 17, 69, 0, 2, 0),
(266, 12, 69, 5, 0, 0),
(267, 2, 69, 0, 1, 0),
(268, 11, 69, 0, 1, 0),
(269, 6, 48, 0, 3, 0),
(270, 11, 68, 0, 1, 0),
(271, 2, 38, 1, 7, 0),
(272, 2, 18, 11, 16, 0),
(273, 17, 18, 2, 1, 0),
(274, 2, 20, 9, 11, 0),
(275, 2, 19, 9, 10, 0),
(276, 17, 19, 1, 1, 0),
(277, 17, 20, 1, 1, 0),
(278, 17, 21, 5, 2, 0),
(279, 2, 22, 8, 10, 0),
(280, 17, 23, 1, 1, 0),
(281, 2, 21, 8, 13, 0),
(282, 17, 22, 1, 1, 0),
(283, 2, 23, 8, 11, 0),
(284, 2, 24, 10, 10, 0),
(285, 17, 25, 1, 4, 0),
(286, 17, 26, 1, 2, 0),
(287, 17, 27, 1, 1, 0),
(288, 12, 27, 1, 3, 0),
(289, 2, 25, 11, 3, 0),
(290, 12, 28, 4, 2, 0),
(291, 2, 28, 10, 11, 0),
(292, 12, 1, 0, 0, 1),
(293, 17, 1, 1, 1, 2),
(294, 2, 26, 8, 5, 0),
(295, 17, 28, 8, 2, 0),
(296, 2, 27, 9, 6, 0),
(297, 2, 29, 10, 9, 0),
(298, 17, 31, 0, 1, 0),
(299, 12, 31, 2, 0, 0),
(300, 17, 29, 1, 2, 0),
(301, 2, 31, 10, 6, 0),
(302, 2, 30, 12, 3, 0),
(303, 12, 32, 1, 0, 0),
(304, 17, 24, 1, 0, 0),
(305, 2, 33, 9, 5, 0),
(306, 12, 33, 2, 0, 0),
(307, 17, 30, 1, 1, 0),
(308, 2, 34, 6, 5, 0),
(309, 12, 34, 1, 0, 0),
(310, 2, 35, 8, 25, 0),
(311, 2, 32, 14, 18, 0),
(312, 6, 37, 0, 3, 0),
(313, 17, 49, 1, 0, 0),
(314, 11, 67, 0, 1, 0),
(315, 12, 70, 0, 2, 0),
(316, 17, 70, 1, 0, 0),
(317, 2, 49, 2, 12, 0),
(318, 2, 50, 0, 4, 0),
(319, 17, 68, 0, 1, 0),
(320, 18, 50, 0, 1, 0),
(321, 19, 57, 1, 3, 0),
(322, 19, 3, 10, 1, 0),
(323, 19, 6, 2, 0, 0),
(324, 6, 57, 0, 1, 0),
(325, 19, 5, 2, 0, 0),
(326, 19, 14, 0, 7, 0),
(327, 20, 3, 2, 5, 0),
(328, 19, 42, 0, 2, 0),
(329, 20, 42, 3, 0, 0),
(330, 2, 42, 0, 1, 0),
(331, 19, 37, 0, 1, 0),
(332, 20, 37, 1, 0, 0),
(333, 20, 5, 0, 1, 0),
(334, 20, 6, 0, 1, 0),
(335, 19, 1, 0, 0, 1),
(336, 17, 71, 0, 1, 0),
(337, 2, 71, 10, 12, 0),
(338, 17, 44, 0, 2, 0),
(339, 11, 72, 0, 10, 0),
(340, 2, 72, 26, 11, 0),
(341, 12, 73, 0, 3, 0),
(342, 11, 73, 15, 1, 0),
(343, 2, 73, 1, 12, 0),
(344, 11, 74, 0, 8, 0),
(345, 2, 74, 28, 12, 0),
(346, 2, 75, 0, 2, 0),
(347, 11, 75, 1, 1, 0),
(348, 2, 76, 0, 2, 0),
(349, 11, 76, 2, 0, 0),
(350, 2, 17, 6, 7, 3),
(351, 2, 77, 0, 3, 0),
(352, 11, 77, 8, 0, 0),
(353, 12, 71, 0, 1, 0),
(354, 2, 12, 2, 4, 0),
(355, 12, 17, 2, 2, 1),
(356, 12, 77, 0, 3, 0),
(357, 11, 12, 0, 7, 0),
(358, 2, 78, 0, 2, 0),
(359, 21, 78, 2, 0, 0),
(360, 21, 42, 0, 1, 0),
(361, 12, 78, 1, 1, 0),
(362, 21, 38, 0, 3, 0),
(363, 21, 12, 1, 2, 0),
(364, 21, 3, 8, 9, 0),
(365, 2, 70, 0, 26, 0),
(366, 21, 70, 2, 0, 0),
(367, 2, 2, 0, 1, 0),
(368, 21, 2, 2, 0, 0),
(369, 12, 2, 0, 1, 0),
(370, 21, 5, 3, 1, 0),
(371, 21, 37, 0, 1, 0),
(372, 21, 6, 0, 1, 0),
(373, 22, 79, 0, 1, 0),
(374, 12, 79, 1, 0, 0),
(375, 22, 5, 0, 2, 0),
(376, 22, 3, 1, 0, 0),
(377, 22, 38, 0, 1, 0),
(378, 23, 53, 2, 0, 0),
(379, 23, 4, 8, 0, 0),
(380, 23, 5, 6, 2, 0),
(381, 23, 62, 0, 3, 0),
(382, 24, 18, 0, 1, 0),
(383, 2, 60, 1, 2, 0),
(384, 11, 60, 1, 0, 0),
(385, 2, 36, 10, 10, 0),
(386, 6, 36, 0, 3, 0),
(387, 2, 37, 2, 4, 0),
(388, 2, 80, 2, 33, 0),
(389, 6, 80, 73, 4, 0),
(390, 25, 43, 0, 1, 0),
(391, 11, 80, 0, 5, 0),
(392, 6, 16, 0, 1, 0),
(393, 12, 16, 2, 0, 0),
(394, 11, 16, 0, 1, 0),
(395, 11, 50, 0, 5, 0),
(396, 12, 80, 2, 2, 0),
(397, 11, 52, 0, 1, 0),
(398, 26, 43, 0, 2, 0),
(399, 6, 69, 0, 1, 0),
(400, 6, 81, 0, 8, 0),
(401, 12, 81, 3, 0, 0),
(402, 31, 3, 0, 24, 0),
(403, 2, 82, 4, 3, 0),
(404, 31, 82, 3, 0, 0),
(405, 31, 56, 0, 4, 0),
(406, 31, 6, 3, 7, 0),
(407, 2, 83, 0, 2, 0),
(408, 31, 83, 2, 0, 0),
(409, 31, 5, 7, 7, 0),
(410, 2, 84, 0, 1, 0),
(411, 31, 84, 1, 0, 0),
(412, 31, 85, 4, 3, 0),
(413, 2, 86, 0, 7, 0),
(414, 31, 86, 9, 4, 0),
(415, 31, 63, 0, 7, 0),
(416, 32, 63, 13, 1, 0),
(417, 32, 86, 4, 2, 0),
(418, 32, 87, 1, 2, 0),
(419, 31, 87, 3, 1, 0),
(420, 2, 87, 0, 1, 0),
(421, 33, 3, 5, 0, 0),
(422, 2, 79, 0, 3, 0),
(423, 33, 79, 2, 0, 0),
(424, 33, 5, 6, 4, 0),
(425, 33, 69, 0, 1, 0),
(426, 31, 69, 1, 0, 0),
(427, 31, 79, 0, 1, 0),
(428, 32, 72, 0, 2, 0),
(429, 31, 72, 4, 0, 0),
(430, 33, 72, 0, 2, 0),
(431, 31, 88, 0, 3, 0),
(432, 33, 88, 3, 0, 0),
(433, 31, 89, 0, 1, 0),
(434, 33, 89, 3, 0, 0),
(435, 2, 89, 0, 2, 0),
(436, 32, 79, 1, 0, 0),
(437, 32, 6, 1, 0, 0),
(438, 33, 62, 0, 9, 0),
(439, 29, 62, 40, 3, 0),
(440, 32, 62, 0, 3, 0),
(441, 31, 90, 0, 1, 0),
(442, 2, 90, 2, 0, 0),
(443, 29, 90, 0, 1, 0),
(444, 2, 91, 0, 4, 0),
(445, 29, 91, 2, 0, 0),
(446, 29, 3, 12, 10, 0),
(447, 31, 92, 0, 1, 0),
(448, 2, 92, 2, 0, 0),
(449, 33, 63, 0, 1, 0),
(450, 29, 48, 35, 0, 0),
(451, 29, 93, 0, 1, 0),
(452, 33, 93, 1, 0, 0),
(453, 29, 5, 8, 3, 0),
(454, 2, 94, 3, 4, 0),
(455, 31, 94, 13, 1, 0),
(456, 33, 48, 0, 12, 0),
(457, 29, 95, 0, 6, 0),
(458, 2, 95, 18, 0, 0),
(459, 33, 94, 0, 6, 0),
(460, 33, 95, 0, 6, 0),
(461, 29, 96, 0, 7, 0),
(462, 33, 96, 19, 1, 0),
(463, 31, 95, 0, 6, 0),
(464, 2, 96, 2, 10, 0),
(465, 31, 48, 0, 7, 0),
(466, 29, 94, 0, 5, 0),
(467, 29, 64, 0, 5, 0),
(468, 33, 64, 15, 0, 0),
(469, 31, 64, 0, 3, 0),
(470, 33, 6, 2, 4, 0),
(471, 2, 64, 0, 7, 0),
(472, 33, 91, 3, 0, 0),
(473, 31, 91, 0, 1, 0),
(474, 29, 97, 0, 1, 0),
(475, 2, 97, 3, 0, 0),
(476, 29, 6, 13, 8, 0),
(477, 31, 96, 0, 3, 0),
(478, 31, 62, 0, 3, 0),
(479, 33, 97, 0, 1, 0),
(480, 33, 98, 0, 1, 0),
(481, 29, 98, 1, 0, 0),
(482, 31, 97, 0, 1, 0),
(483, 29, 85, 0, 1, 0),
(484, 29, 72, 0, 1, 0),
(485, 2, 99, 0, 2, 0),
(486, 29, 99, 2, 0, 0),
(487, 34, 3, 0, 1, 0),
(488, 33, 100, 0, 1, 0),
(489, 34, 100, 1, 0, 0),
(490, 34, 5, 1, 0, 0),
(491, 34, 18, 4, 2, 0),
(492, 29, 18, 4, 5, 0),
(493, 34, 6, 4, 1, 0),
(494, 33, 18, 4, 5, 0),
(495, 33, 19, 2, 1, 0),
(496, 29, 19, 4, 3, 0),
(497, 34, 19, 0, 2, 0),
(498, 33, 20, 0, 1, 0),
(499, 29, 20, 2, 2, 0),
(500, 34, 21, 0, 2, 0),
(501, 29, 21, 3, 2, 0),
(502, 34, 22, 0, 1, 0),
(503, 29, 22, 2, 2, 0),
(504, 34, 23, 0, 1, 0),
(505, 29, 23, 2, 2, 0),
(506, 34, 17, 0, 0, 1),
(507, 34, 20, 0, 1, 0),
(508, 29, 24, 3, 2, 0),
(509, 33, 25, 0, 1, 0),
(510, 29, 25, 2, 2, 0),
(511, 33, 26, 0, 1, 0),
(512, 29, 26, 3, 3, 0),
(513, 34, 27, 0, 1, 0),
(514, 29, 27, 2, 2, 0),
(515, 33, 23, 0, 1, 0),
(516, 29, 28, 2, 2, 0),
(517, 33, 29, 0, 1, 0),
(518, 29, 29, 2, 2, 0),
(519, 33, 30, 0, 1, 0),
(520, 29, 30, 2, 4, 0),
(521, 33, 31, 0, 1, 0),
(522, 29, 31, 2, 4, 0),
(523, 29, 32, 3, 2, 0),
(524, 29, 33, 2, 3, 0),
(525, 29, 34, 1, 2, 0),
(526, 29, 35, 3, 3, 0),
(527, 29, 36, 6, 5, 0),
(528, 29, 37, 2, 1, 0),
(529, 2, 101, 0, 2, 0),
(530, 31, 101, 2, 0, 0),
(531, 2, 13, 0, 3, 0),
(532, 31, 13, 3, 0, 0),
(533, 31, 17, 1, 0, 1),
(534, 2, 102, 0, 2, 0),
(535, 31, 102, 2, 0, 0),
(536, 31, 37, 1, 0, 0),
(537, 31, 103, 5, 2, 0),
(538, 2, 103, 2, 5, 0),
(539, 2, 104, 0, 3, 0),
(540, 31, 104, 2, 0, 0),
(541, 2, 8, 0, 15, 0),
(542, 33, 105, 0, 1, 0),
(543, 6, 105, 4, 1, 0),
(544, 2, 105, 1, 2, 0),
(545, 38, 18, 1, 0, 0),
(546, 38, 19, 1, 1, 0),
(547, 38, 20, 1, 0, 0),
(548, 38, 21, 1, 0, 0),
(549, 38, 22, 1, 2, 0),
(550, 38, 23, 1, 0, 0),
(551, 38, 24, 1, 1, 0),
(552, 38, 5, 5, 8, 0),
(553, 38, 25, 1, 1, 0),
(554, 38, 27, 1, 1, 0),
(555, 38, 28, 1, 2, 0),
(556, 38, 29, 2, 2, 0),
(557, 38, 30, 2, 2, 0),
(558, 38, 26, 1, 1, 0),
(559, 38, 32, 2, 2, 0),
(560, 38, 33, 0, 1, 0),
(561, 38, 6, 5, 5, 0),
(562, 38, 17, 0, 0, 1),
(563, 38, 31, 2, 1, 0),
(564, 38, 35, 0, 1, 0),
(565, 38, 36, 0, 2, 0),
(566, 38, 88, 0, 8, 0),
(567, 2, 88, 38, 6, 0),
(568, 2, 106, 0, 1, 0),
(569, 38, 106, 1, 0, 0),
(570, 38, 53, 14, 0, 0),
(571, 38, 107, 0, 1, 0),
(572, 2, 107, 4, 0, 0),
(573, 38, 3, 7, 26, 0),
(574, 38, 70, 26, 1, 0),
(575, 48, 18, 1, 1, 0),
(576, 47, 18, 1, 1, 0),
(577, 48, 5, 5, 4, 0),
(578, 47, 5, 4, 5, 0),
(579, 48, 19, 1, 1, 0),
(580, 47, 19, 1, 1, 0),
(581, 48, 20, 2, 1, 0),
(582, 47, 20, 1, 2, 0),
(583, 48, 21, 1, 1, 0),
(584, 47, 21, 1, 1, 0),
(585, 48, 22, 1, 1, 0),
(586, 47, 22, 1, 1, 0),
(587, 48, 23, 1, 1, 0),
(588, 47, 23, 1, 1, 0),
(589, 48, 24, 1, 1, 0),
(590, 47, 24, 1, 1, 0),
(591, 48, 25, 1, 1, 0),
(592, 47, 25, 1, 1, 0),
(593, 48, 26, 1, 1, 0),
(594, 47, 26, 1, 1, 0),
(595, 48, 1, 0, 0, 2),
(596, 48, 27, 1, 1, 0),
(597, 47, 27, 1, 1, 0),
(598, 48, 28, 1, 1, 0),
(599, 47, 28, 1, 1, 0),
(600, 48, 29, 1, 2, 0),
(601, 47, 29, 2, 1, 0),
(602, 47, 1, 0, 0, 1),
(603, 48, 30, 2, 1, 0),
(604, 47, 30, 1, 2, 0),
(605, 48, 31, 2, 1, 0),
(606, 47, 31, 1, 2, 0),
(607, 48, 32, 3, 1, 0),
(608, 47, 32, 1, 3, 0),
(609, 48, 33, 2, 1, 0),
(610, 47, 33, 1, 2, 0),
(611, 48, 34, 1, 3, 0),
(612, 47, 34, 3, 1, 0),
(613, 48, 6, 3, 3, 0),
(614, 47, 6, 3, 3, 0),
(615, 48, 35, 3, 2, 0),
(616, 47, 35, 2, 3, 0),
(617, 48, 36, 0, 7, 0),
(618, 47, 36, 10, 3, 0),
(619, 48, 37, 0, 1, 0),
(620, 47, 37, 1, 0, 0),
(621, 38, 62, 1, 15, 0),
(622, 29, 55, 0, 2, 0),
(623, 38, 55, 27, 1, 0),
(624, 38, 108, 0, 3, 0),
(625, 29, 108, 10, 0, 0),
(626, 29, 70, 1, 1, 0),
(627, 1, 3, 0, 1, 0),
(628, 29, 86, 0, 1, 0),
(629, 49, 86, 1, 0, 0),
(630, 38, 82, 0, 3, 0),
(631, 1, 62, 0, 4, 0),
(632, 1, 5, 0, 1, 0),
(633, 49, 82, 0, 1, 0),
(634, 29, 40, 1, 1, 0),
(635, 1, 40, 1, 0, 0),
(636, 1, 49, 0, 1, 0),
(637, 29, 49, 1, 0, 0),
(638, 1, 108, 0, 1, 0),
(639, 38, 40, 0, 1, 0),
(640, 2, 108, 0, 6, 0),
(641, 2, 109, 0, 5, 0),
(642, 38, 109, 5, 0, 0),
(643, 38, 71, 6, 3, 0),
(644, 38, 56, 0, 4, 0),
(645, 38, 74, 12, 13, 0),
(646, 38, 1, 0, 0, 1),
(647, 2, 40, 2, 1, 0),
(648, 51, 40, 1, 1, 0),
(649, 6, 104, 1, 0, 0),
(650, 51, 3, 1, 7, 0),
(651, 51, 6, 4, 5, 0),
(652, 6, 107, 0, 1, 0),
(653, 51, 72, 30, 5, 0),
(654, 51, 105, 0, 1, 0),
(655, 6, 72, 0, 16, 0),
(656, 51, 88, 0, 1, 0),
(657, 52, 88, 0, 2, 0),
(658, 51, 80, 1, 15, 0),
(659, 52, 29, 4, 0, 0),
(660, 52, 80, 0, 4, 0),
(661, 6, 88, 0, 4, 0),
(662, 51, 29, 0, 4, 0),
(663, 51, 5, 5, 6, 0),
(664, 52, 5, 1, 0, 0),
(665, 52, 72, 0, 2, 0),
(666, 52, 20, 1, 0, 0),
(667, 52, 35, 0, 1, 0),
(668, 2, 9, 42, 0, 0),
(669, 6, 68, 0, 1, 0),
(670, 51, 44, 0, 2, 0),
(671, 6, 74, 0, 2, 0),
(672, 51, 51, 1, 1, 0),
(673, 6, 71, 0, 6, 0),
(674, 51, 110, 0, 1, 0),
(675, 2, 110, 1, 0, 0),
(676, 51, 66, 0, 1, 0),
(677, 2, 66, 1, 0, 0),
(678, 53, 55, 1, 0, 0),
(679, 53, 72, 0, 1, 0),
(680, 53, 6, 0, 1, 0),
(681, 13, 72, 0, 6, 0),
(682, 13, 80, 3, 18, 0),
(683, 51, 35, 0, 4, 0),
(684, 51, 18, 1, 1, 0),
(685, 13, 18, 1, 1, 0),
(686, 51, 19, 1, 1, 0),
(687, 13, 19, 1, 1, 0),
(688, 51, 20, 1, 1, 0),
(689, 13, 20, 1, 2, 0),
(690, 13, 21, 1, 0, 0),
(691, 13, 22, 1, 1, 0),
(692, 13, 23, 1, 1, 0),
(693, 13, 24, 1, 1, 0),
(694, 51, 21, 0, 1, 0),
(695, 51, 22, 0, 1, 0),
(696, 51, 25, 0, 2, 0),
(697, 13, 25, 1, 1, 0),
(698, 51, 24, 0, 2, 0),
(699, 13, 26, 1, 0, 0),
(700, 13, 27, 1, 0, 0),
(701, 51, 28, 0, 1, 0),
(702, 13, 28, 1, 1, 0),
(703, 13, 29, 1, 0, 0),
(704, 51, 30, 0, 2, 0),
(705, 13, 30, 1, 0, 0),
(706, 51, 31, 0, 1, 0),
(707, 13, 31, 1, 1, 0),
(708, 13, 32, 1, 0, 0),
(709, 13, 33, 1, 0, 0),
(710, 51, 34, 0, 1, 0),
(711, 13, 34, 1, 0, 0),
(712, 13, 35, 1, 3, 0),
(713, 13, 36, 3, 1, 0),
(714, 13, 37, 1, 0, 0),
(715, 51, 111, 0, 1, 0),
(716, 6, 111, 1, 0, 0),
(717, 13, 9, 0, 3, 0),
(718, 2, 112, 0, 2, 0),
(719, 13, 112, 3, 1, 0),
(720, 51, 81, 0, 1, 0),
(721, 2, 81, 8, 0, 0),
(722, 6, 112, 0, 1, 0),
(723, 51, 9, 0, 1, 0),
(724, 51, 39, 0, 2, 0),
(725, 51, 38, 0, 1, 0),
(726, 51, 61, 0, 4, 0),
(727, 2, 113, 0, 1, 0),
(728, 6, 113, 1, 0, 0),
(729, 51, 71, 4, 0, 0),
(730, 6, 114, 0, 1, 0),
(731, 13, 114, 1, 0, 0),
(732, 6, 115, 0, 3, 0),
(733, 13, 115, 3, 0, 0),
(734, 13, 71, 1, 0, 0),
(735, 55, 116, 1, 1, 0),
(736, 55, 60, 1, 1, 0),
(737, 57, 49, 6, 6, 0),
(738, 55, 1, 1, 1, 2),
(739, 61, 18, 1, 2, 0),
(740, 61, 19, 1, 0, 0),
(741, 61, 20, 3, 1, 0),
(742, 61, 1, 0, 0, 2),
(743, 61, 5, 1, 5, 0),
(744, 62, 18, 1, 0, 0),
(745, 62, 5, 5, 4, 0),
(746, 62, 19, 1, 1, 0),
(747, 62, 20, 1, 1, 0),
(748, 61, 21, 1, 2, 0),
(749, 62, 22, 1, 2, 0),
(750, 61, 22, 1, 1, 0),
(751, 61, 23, 1, 0, 0),
(752, 62, 21, 3, 0, 0),
(753, 62, 23, 1, 1, 0),
(754, 61, 24, 1, 1, 0),
(755, 62, 1, 0, 0, 2),
(756, 62, 25, 1, 1, 0),
(757, 61, 25, 1, 2, 0),
(758, 62, 26, 1, 2, 0),
(759, 61, 26, 1, 1, 0),
(760, 61, 27, 1, 1, 0),
(761, 61, 28, 1, 1, 0),
(762, 61, 29, 1, 0, 0),
(763, 61, 30, 1, 1, 0),
(764, 61, 31, 1, 0, 0),
(765, 62, 24, 1, 0, 0),
(766, 61, 32, 1, 2, 0),
(767, 62, 29, 1, 1, 0),
(768, 62, 27, 1, 0, 0),
(769, 62, 28, 1, 0, 0),
(770, 62, 30, 1, 1, 0),
(771, 62, 33, 1, 3, 0),
(772, 61, 33, 1, 1, 0),
(773, 61, 34, 1, 0, 0),
(774, 62, 31, 1, 1, 0),
(775, 61, 35, 1, 0, 0),
(776, 62, 36, 0, 2, 0),
(777, 61, 36, 3, 1, 0),
(778, 62, 32, 3, 0, 0),
(779, 62, 37, 0, 1, 0),
(780, 61, 37, 1, 0, 0),
(781, 2, 10, 1, 15, 0),
(782, 62, 10, 15, 1, 0),
(783, 62, 88, 6, 15, 0),
(784, 62, 6, 1, 0, 0),
(785, 62, 79, 1, 0, 0),
(786, 62, 3, 0, 8, 0),
(787, 2, 47, 1, 2, 0),
(788, 62, 47, 2, 1, 0),
(789, 62, 112, 1, 0, 0),
(790, 2, 117, 3, 12, 0),
(791, 55, 117, 12, 2, 0),
(792, 55, 88, 0, 4, 0),
(793, 55, 118, 0, 2, 0),
(794, 64, 118, 4, 0, 0),
(795, 2, 118, 0, 2, 0),
(796, 64, 88, 0, 4, 0),
(797, 64, 31, 1, 0, 0),
(798, 64, 5, 1, 0, 0),
(799, 55, 119, 0, 1, 0),
(800, 65, 119, 7, 0, 0),
(801, 64, 49, 2, 1, 0),
(802, 65, 120, 0, 2, 0),
(803, 64, 120, 4, 0, 0),
(804, 2, 120, 0, 2, 0),
(805, 64, 119, 0, 1, 0),
(806, 2, 119, 0, 5, 0),
(807, 65, 1, 0, 0, 1),
(808, 65, 72, 0, 4, 0),
(809, 55, 71, 6, 4, 0),
(810, 55, 5, 1, 3, 0),
(811, 55, 9, 0, 1, 0),
(812, 55, 81, 0, 2, 0),
(813, 55, 6, 5, 3, 0),
(814, 55, 3, 0, 2, 0),
(815, 55, 74, 0, 5, 0),
(816, 55, 43, 0, 1, 0),
(817, 55, 51, 0, 2, 0),
(818, 11, 117, 0, 1, 0),
(819, 11, 9, 0, 7, 0),
(820, 2, 121, 0, 1, 0),
(821, 11, 121, 1, 0, 0),
(822, 11, 92, 0, 1, 0),
(823, 77, 20, 1, 2, 0),
(824, 77, 18, 1, 1, 0),
(825, 77, 25, 1, 2, 0),
(826, 77, 19, 1, 0, 0),
(827, 77, 22, 1, 1, 0),
(828, 77, 23, 1, 1, 0),
(829, 78, 23, 0, 1, 0),
(830, 77, 24, 1, 1, 0),
(831, 78, 26, 0, 1, 0),
(832, 78, 29, 0, 1, 0),
(833, 78, 31, 0, 2, 0),
(834, 77, 21, 1, 0, 0),
(835, 77, 5, 1, 0, 0),
(836, 78, 28, 0, 1, 0),
(837, 78, 18, 1, 0, 0),
(838, 78, 33, 0, 2, 0),
(839, 78, 32, 21, 5, 0),
(840, 78, 19, 1, 0, 0),
(841, 78, 24, 0, 1, 0),
(842, 78, 25, 0, 1, 0),
(843, 77, 26, 1, 0, 0),
(844, 77, 27, 1, 0, 0),
(845, 77, 28, 1, 0, 0),
(846, 78, 5, 3, 7, 0),
(847, 77, 34, 0, 2, 0),
(848, 77, 29, 1, 0, 0),
(849, 77, 30, 1, 0, 0),
(850, 11, 122, 0, 13, 0),
(851, 6, 122, 44, 2, 0),
(852, 78, 43, 0, 22, 0),
(853, 2, 122, 3, 21, 0),
(854, 78, 9, 0, 1, 0),
(855, 78, 36, 2, 1, 0),
(856, 78, 3, 2, 24, 0),
(857, 78, 63, 6, 0, 0),
(858, 78, 49, 0, 2, 0),
(859, 78, 77, 0, 1, 0),
(860, 6, 58, 1, 0, 0),
(861, 6, 123, 0, 2, 0),
(862, 79, 123, 1, 0, 0),
(863, 79, 77, 0, 1, 0),
(864, 79, 43, 0, 4, 0),
(865, 79, 35, 0, 1, 0),
(866, 78, 122, 0, 7, 0),
(867, 2, 123, 1, 0, 0),
(868, 78, 1, 0, 0, 4),
(869, 80, 3, 0, 3, 0),
(870, 80, 44, 0, 1, 0),
(871, 80, 5, 0, 1, 0),
(872, 81, 32, 0, 1, 0),
(873, 81, 3, 1, 0, 0),
(874, 78, 6, 0, 1, 0),
(875, 82, 122, 0, 1, 0),
(876, 82, 9, 0, 2, 0),
(877, 2, 124, 0, 2, 0),
(878, 82, 124, 2, 0, 0),
(879, 2, 125, 0, 1, 0),
(880, 82, 125, 1, 0, 0),
(881, 7, 18, 1, 1, 0),
(882, 7, 20, 1, 3, 0),
(883, 7, 22, 1, 1, 0),
(884, 7, 19, 1, 1, 0),
(885, 7, 23, 2, 3, 0),
(886, 7, 21, 1, 1, 0),
(887, 7, 26, 1, 2, 0),
(888, 7, 24, 1, 1, 0),
(889, 7, 30, 1, 1, 0),
(890, 7, 25, 1, 1, 0),
(891, 7, 27, 1, 1, 0),
(892, 7, 28, 1, 0, 0),
(893, 7, 29, 1, 0, 0),
(894, 7, 31, 1, 0, 0),
(895, 7, 32, 1, 0, 0),
(896, 7, 33, 1, 0, 0),
(897, 7, 34, 2, 0, 0),
(898, 7, 35, 1, 3, 0),
(899, 7, 36, 1, 0, 0),
(900, 7, 37, 1, 0, 0),
(901, 7, 3, 9, 8, 0),
(902, 7, 122, 0, 3, 0),
(903, 7, 49, 0, 2, 0),
(904, 11, 107, 0, 2, 0),
(905, 7, 51, 0, 1, 0),
(906, 7, 58, 1, 0, 0),
(907, 2, 126, 6, 2, 0),
(908, 11, 126, 2, 6, 0),
(909, 6, 75, 2, 0, 0),
(910, 2, 127, 0, 1, 0),
(911, 11, 127, 1, 0, 0),
(912, 2, 128, 0, 4, 0),
(913, 11, 128, 15, 0, 0),
(914, 83, 128, 1, 11, 0),
(915, 6, 129, 0, 1, 0),
(916, 83, 129, 2, 0, 0),
(917, 83, 3, 0, 3, 0),
(918, 83, 12, 1, 0, 0),
(919, 83, 5, 1, 2, 0),
(920, 84, 2, 0, 1, 0),
(921, 83, 2, 2, 0, 0),
(922, 11, 2, 0, 1, 0),
(923, 84, 128, 0, 1, 0),
(924, 83, 32, 1, 0, 0),
(925, 83, 6, 0, 1, 0),
(926, 11, 129, 0, 1, 0),
(927, 83, 43, 0, 1, 0),
(928, 90, 1, 1, 1, 0),
(929, 90, 18, 2, 2, 0),
(930, 91, 18, 2, 2, 0),
(931, 91, 6, 1, 7, 0),
(932, 90, 6, 7, 1, 0),
(933, 90, 19, 1, 1, 0),
(934, 91, 19, 1, 1, 0),
(935, 90, 20, 1, 1, 0),
(936, 91, 20, 1, 1, 0),
(937, 91, 21, 2, 1, 0),
(938, 90, 21, 1, 2, 0),
(939, 91, 22, 1, 2, 0),
(940, 90, 22, 2, 1, 0),
(941, 90, 23, 1, 1, 0),
(942, 91, 23, 1, 1, 0),
(943, 90, 5, 2, 5, 0),
(944, 91, 5, 5, 2, 0),
(945, 90, 24, 1, 1, 0),
(946, 91, 24, 1, 1, 0),
(947, 91, 25, 1, 1, 0),
(948, 90, 25, 1, 1, 0),
(949, 91, 26, 1, 1, 0),
(950, 90, 26, 1, 1, 0),
(951, 91, 27, 2, 1, 0),
(952, 90, 27, 1, 2, 0),
(953, 91, 28, 2, 1, 0),
(954, 90, 28, 1, 2, 0),
(955, 91, 29, 1, 1, 0),
(956, 90, 29, 1, 1, 0),
(957, 91, 30, 3, 1, 0),
(958, 90, 30, 1, 3, 0),
(959, 91, 31, 2, 2, 0),
(960, 90, 31, 2, 2, 0),
(961, 91, 1, 0, 0, 1),
(962, 91, 32, 1, 2, 0),
(963, 90, 32, 2, 1, 0),
(964, 91, 33, 0, 1, 0),
(965, 90, 33, 1, 0, 0),
(966, 91, 34, 0, 1, 0),
(967, 90, 34, 1, 0, 0),
(968, 91, 35, 0, 2, 0),
(969, 90, 35, 2, 0, 0),
(970, 91, 36, 0, 1, 0),
(971, 90, 36, 1, 0, 0),
(972, 91, 37, 0, 4, 0),
(973, 90, 37, 4, 0, 0);

-- --------------------------------------------------------

--
-- Tabelstructuur voor tabel `stats_servers`
--

CREATE TABLE IF NOT EXISTS `stats_servers` (
  `server_id` tinyint(11) unsigned NOT NULL,
  `ip` varchar(15) DEFAULT NULL,
  `port` int(11) DEFAULT NULL,
  `kills` int(11) unsigned DEFAULT '0',
  `deaths` int(11) unsigned DEFAULT '0',
  `suicides` int(11) unsigned DEFAULT '0',
  `hs` int(11) unsigned DEFAULT '0'
) ENGINE=InnoDB AUTO_INCREMENT=2 DEFAULT CHARSET=latin1;

--
-- Gegevens worden geëxporteerd voor tabel `stats_servers`
--

INSERT INTO `stats_servers` (`server_id`, `ip`, `port`, `kills`, `deaths`, `suicides`, `hs`) VALUES
(1, '10.10.0.2', 28900, 3093, 3188, 95, 291);

-- --------------------------------------------------------

--
-- Tabelstructuur voor tabel `stats_spreerecord`
--

CREATE TABLE IF NOT EXISTS `stats_spreerecord` (
  `record_id` smallint(20) unsigned NOT NULL,
  `record_kills` smallint(20) NOT NULL,
  `record_name` varchar(15) NOT NULL,
  `record_map` varchar(20) NOT NULL,
  `record_gametype` varchar(20) NOT NULL,
  `date` timestamp NOT NULL DEFAULT CURRENT_TIMESTAMP
) ENGINE=MyISAM AUTO_INCREMENT=13 DEFAULT CHARSET=utf8;

--
-- Gegevens worden geëxporteerd voor tabel `stats_spreerecord`
--

INSERT INTO `stats_spreerecord` (`record_id`, `record_kills`, `record_name`, `record_map`, `record_gametype`, `date`) VALUES
(1, 7, 'DERG!rste', 'mp_boneyard', 'ctf', '2015-03-08 12:56:47'),
(2, 7, '=phOenix=', 'mp_rust', 'dm', '2015-03-08 13:03:08'),
(3, 8, 'DERG!rste', 'mp_favela', 'gg', '2015-03-08 13:40:50'),
(4, 14, 'DERG!rste', 'mp_rundown', 'dom', '2015-03-08 14:01:29'),
(5, 11, 'DERG!rste', 'mp_terminal', 'war', '2015-03-08 14:11:56'),
(6, 8, '=[JFF]=cuxilito', 'mp_underpass', 'koth', '2015-03-08 14:23:40'),
(7, 2, 'DERG!rste', 'mp_quarry', 'sd', '2015-03-08 14:36:17'),
(8, 11, 'DERG!rste', 'mp_nightshift', 'war', '2015-03-08 14:56:20'),
(9, 4, 'kontselis', 'mp_highrise', 'sab', '2015-03-08 15:26:31'),
(10, 1, '[NS]RaZo', 'mp_checkpoint', 'sd', '2015-03-08 18:12:03'),
(11, 3, '=[JFF]=Sammy', 'mp_afghan', 'sab', '2015-03-14 17:07:22'),
(12, 1, '=[JFF]=Sammy', 'mp_crash', 'sd', '2015-03-19 20:39:35');

-- --------------------------------------------------------

--
-- Tabelstructuur voor tabel `stats_usermaps`
--

CREATE TABLE IF NOT EXISTS `stats_usermaps` (
  `usermaps_id` int(11) unsigned NOT NULL,
  `map_id` tinyint(11) unsigned DEFAULT NULL,
  `name_id` mediumint(11) unsigned DEFAULT NULL,
  `kills` int(11) unsigned DEFAULT NULL,
  `deaths` int(11) unsigned DEFAULT NULL,
  `suicides` int(11) unsigned DEFAULT NULL
) ENGINE=InnoDB AUTO_INCREMENT=158 DEFAULT CHARSET=latin1;

--
-- Gegevens worden geëxporteerd voor tabel `stats_usermaps`
--

INSERT INTO `stats_usermaps` (`usermaps_id`, `map_id`, `name_id`, `kills`, `deaths`, `suicides`) VALUES
(1, 1, 2, 32, 34, 10),
(2, 3, 1, 1, 1, 0),
(3, 6, 6, 30, 28, 0),
(4, 6, 5, 2, 0, 0),
(5, 7, 6, 24, 33, 0),
(6, 7, 5, 3, 3, 0),
(7, 8, 7, 18, 15, 0),
(8, 8, 6, 65, 66, 0),
(9, 8, 8, 12, 14, 0),
(10, 8, 9, 10, 8, 0),
(11, 9, 8, 0, 1, 0),
(12, 9, 6, 9, 6, 6),
(13, 10, 6, 75, 103, 6),
(14, 10, 11, 96, 89, 0),
(15, 10, 12, 39, 23, 1),
(16, 11, 13, 18, 28, 0),
(17, 11, 12, 68, 44, 0),
(18, 11, 6, 69, 80, 0),
(19, 11, 14, 2, 2, 0),
(20, 11, 11, 97, 63, 2),
(21, 2, 13, 14, 26, 0),
(22, 2, 12, 67, 37, 0),
(23, 2, 6, 82, 74, 0),
(24, 2, 15, 7, 2, 0),
(25, 3, 6, 51, 69, 1),
(26, 3, 12, 15, 7, 0),
(27, 4, 6, 2, 3, 3),
(28, 4, 12, 1, 0, 0),
(29, 5, 12, 19, 15, 0),
(30, 5, 13, 10, 10, 0),
(31, 5, 6, 29, 21, 0),
(32, 5, 2, 44, 47, 4),
(33, 5, 16, 2, 2, 0),
(34, 6, 12, 37, 16, 0),
(35, 6, 16, 17, 22, 0),
(36, 6, 13, 6, 17, 0),
(37, 6, 2, 84, 91, 0),
(38, 6, 17, 4, 17, 0),
(39, 6, 11, 29, 15, 0),
(40, 7, 16, 6, 9, 0),
(41, 7, 12, 37, 12, 0),
(42, 7, 13, 7, 16, 0),
(43, 7, 11, 18, 19, 0),
(44, 7, 17, 8, 7, 0),
(45, 7, 2, 25, 38, 0),
(46, 8, 11, 39, 32, 0),
(47, 8, 12, 79, 59, 1),
(48, 8, 2, 117, 140, 1),
(49, 8, 17, 34, 37, 0),
(50, 8, 13, 26, 38, 0),
(51, 9, 12, 2, 1, 0),
(52, 9, 2, 6, 7, 19),
(53, 9, 11, 1, 1, 0),
(54, 9, 17, 0, 1, 0),
(55, 1, 12, 4, 1, 0),
(56, 1, 6, 13, 21, 6),
(57, 10, 2, 174, 156, 7),
(58, 10, 17, 18, 20, 1),
(59, 11, 2, 68, 92, 0),
(60, 11, 17, 13, 18, 0),
(61, 2, 2, 109, 129, 0),
(62, 2, 17, 9, 6, 0),
(63, 2, 18, 0, 1, 0),
(64, 2, 19, 10, 10, 0),
(65, 2, 20, 6, 5, 0),
(66, 3, 19, 1, 4, 1),
(67, 3, 17, 11, 7, 1),
(68, 3, 2, 66, 84, 3),
(69, 5, 17, 1, 3, 0),
(70, 5, 11, 8, 10, 0),
(71, 8, 21, 15, 16, 0),
(72, 1, 22, 1, 2, 0),
(73, 1, 23, 10, 3, 0),
(74, 10, 24, 0, 1, 0),
(75, 11, 25, 0, 1, 0),
(76, 2, 11, 70, 72, 0),
(77, 2, 26, 0, 2, 0),
(78, 5, 31, 17, 17, 1),
(79, 6, 31, 19, 22, 0),
(80, 6, 32, 8, 4, 0),
(81, 7, 33, 12, 8, 0),
(82, 7, 31, 6, 13, 0),
(83, 7, 32, 11, 6, 0),
(84, 7, 29, 9, 2, 0),
(85, 8, 33, 38, 28, 0),
(86, 8, 29, 35, 25, 0),
(87, 8, 31, 13, 22, 0),
(88, 9, 29, 0, 1, 0),
(89, 1, 29, 17, 4, 0),
(90, 1, 31, 1, 3, 0),
(91, 1, 33, 1, 6, 0),
(92, 1, 34, 1, 1, 0),
(93, 10, 34, 4, 10, 1),
(94, 10, 29, 52, 53, 0),
(95, 10, 33, 6, 13, 0),
(96, 1, 11, 0, 1, 0),
(97, 10, 38, 19, 20, 1),
(98, 11, 38, 31, 37, 0),
(99, 4, 2, 8, 11, 0),
(100, 10, 48, 26, 30, 2),
(101, 10, 47, 33, 29, 1),
(102, 11, 29, 26, 5, 0),
(103, 11, 1, 1, 7, 0),
(104, 11, 49, 1, 1, 0),
(105, 2, 38, 9, 11, 0),
(106, 2, 29, 18, 9, 0),
(107, 3, 38, 18, 7, 0),
(108, 4, 38, 7, 4, 0),
(109, 5, 38, 9, 6, 1),
(110, 6, 38, 20, 11, 0),
(111, 8, 38, 5, 3, 0),
(112, 6, 51, 1, 4, 0),
(113, 7, 51, 1, 1, 0),
(114, 8, 51, 5, 4, 0),
(115, 8, 52, 5, 9, 0),
(116, 9, 51, 3, 3, 0),
(117, 1, 51, 4, 9, 0),
(118, 1, 53, 1, 1, 0),
(119, 1, 13, 3, 2, 0),
(120, 10, 51, 3, 16, 0),
(121, 10, 13, 22, 11, 0),
(122, 11, 51, 10, 9, 0),
(123, 2, 51, 9, 11, 0),
(124, 3, 13, 16, 12, 0),
(125, 3, 51, 5, 10, 0),
(126, 2, 55, 9, 14, 0),
(127, 3, 57, 6, 6, 0),
(128, 3, 55, 6, 8, 2),
(129, 10, 61, 24, 17, 2),
(130, 10, 62, 18, 17, 2),
(131, 11, 62, 7, 11, 0),
(132, 2, 62, 20, 14, 0),
(133, 3, 64, 11, 6, 0),
(134, 3, 65, 7, 6, 1),
(135, 11, 55, 6, 7, 0),
(136, 3, 11, 62, 39, 2),
(137, 10, 77, 13, 10, 0),
(138, 10, 78, 2, 11, 0),
(139, 11, 78, 1, 7, 0),
(140, 2, 78, 11, 17, 0),
(141, 2, 79, 1, 1, 0),
(142, 3, 79, 0, 5, 0),
(143, 3, 78, 6, 11, 0),
(144, 4, 78, 1, 1, 1),
(145, 5, 78, 3, 7, 3),
(146, 5, 80, 0, 4, 0),
(147, 6, 78, 9, 19, 0),
(148, 6, 81, 1, 1, 0),
(149, 8, 82, 3, 3, 0),
(150, 10, 7, 22, 17, 1),
(151, 11, 7, 10, 16, 0),
(152, 2, 83, 6, 14, 0),
(153, 2, 84, 0, 2, 0),
(154, 3, 83, 1, 1, 0),
(155, 12, 2, 4, 4, 0),
(156, 10, 90, 29, 23, 0),
(157, 10, 91, 22, 28, 1);

-- --------------------------------------------------------

--
-- Tabelstructuur voor tabel `stats_weaponstats`
--

CREATE TABLE IF NOT EXISTS `stats_weaponstats` (
  `weapon_id` smallint(11) unsigned NOT NULL,
  `weapon_name` varchar(100) DEFAULT NULL,
  `weapon_nicename` varchar(100) NOT NULL,
  `kills` int(11) unsigned DEFAULT NULL,
  `suicides` int(11) unsigned DEFAULT NULL,
  `weap_mod` decimal(6,2) NOT NULL DEFAULT '1.00'
) ENGINE=InnoDB AUTO_INCREMENT=130 DEFAULT CHARSET=latin1;

--
-- Gegevens worden geëxporteerd voor tabel `stats_weaponstats`
--

INSERT INTO `stats_weaponstats` (`weapon_id`, `weapon_name`, `weapon_nicename`, `kills`, `suicides`, `weap_mod`) VALUES
(1, 'none', '', 50, 95, 1.00),
(2, 'peacekeeper_silencer_mp', '', 16, 0, 1.00),
(3, 'cheytac_fmj_mp', '', 403, 0, 1.00),
(4, 'peacekeeper_mp', '', 52, 0, 1.00),
(5, 'headshot', '', 291, 0, 1.00),
(6, 'melee', '', 191, 0, 1.00),
(7, 'm4_eotech_silencer_mp', '', 5, 0, 1.00),
(8, 'ump45_rof_mp', '', 21, 0, 1.00),
(9, 'ump45_silencer_mp', '', 51, 0, 1.00),
(10, 'ump45_mp', '', 19, 0, 1.00),
(11, 'type25_mp', '', 7, 0, 1.00),
(12, 'ballista_mp', '', 17, 0, 1.00),
(13, 'beretta393_fmj_mp', '', 4, 0, 1.00),
(14, 'm4_eotech_fmj_mp', '', 110, 0, 1.00),
(15, 'masada_fmj_reflex_mp', '', 1, 0, 1.00),
(16, 'pp19_mp', '', 4, 0, 1.00),
(17, 'aug_silencer_mp', '', 1, 0, 1.00),
(18, 'coltanaconda_mp', '', 56, 0, 1.00),
(19, 'beretta_akimbo_mp', '', 42, 0, 1.00),
(20, 'beretta393_mp', '', 42, 0, 1.00),
(21, 'spas12_mp', '', 42, 0, 1.00),
(22, 'm1014_mp', '', 36, 0, 1.00),
(23, 'uzi_mp', '', 37, 0, 1.00),
(24, 'mp5k_mp', '', 40, 0, 1.00),
(25, 'tmp_akimbo_mp', '', 38, 0, 1.00),
(26, 'famas_mp', '', 35, 0, 1.00),
(27, 'scar_mp', '', 32, 0, 1.00),
(28, 'fal_mp', '', 44, 0, 1.00),
(29, 'aug_mp', '', 39, 0, 1.00),
(30, 'm240_mp', '', 36, 0, 1.00),
(31, 'm21_mp', '', 34, 0, 1.00),
(32, 'cheytac_mp', '', 59, 0, 1.00),
(33, 'barrett_mp', '', 24, 0, 1.00),
(34, 'at4_mp', '', 20, 0, 1.00),
(35, 'm79_mp', '', 70, 0, 1.00),
(36, 'rpg_mp', '', 40, 0, 1.00),
(37, 'throwingknife_mp', '', 19, 0, 1.00),
(38, 'l96a1_mp', '', 63, 0, 1.00),
(39, 'cheytac_xmags_mp', '', 11, 0, 1.00),
(40, 'famas_gl_mp', '', 7, 0, 1.00),
(41, 'deserteagle_akimbo_mp', '', 14, 0, 1.00),
(42, 'b23r_mp', '', 16, 0, 1.00),
(43, 'scar_eotech_mp', '', 248, 0, 1.00),
(44, 'tmp_reflex_mp', '', 23, 0, 1.00),
(45, 'fn2000_xmags_mp', '', 3, 0, 1.00),
(46, 'masada_xmags_mp', '', 73, 0, 1.00),
(47, 'rpd_mp', '', 7, 0, 1.00),
(48, 'ak74u_xmags_mp', '', 54, 0, 1.00),
(49, 'semtex_mp', '', 47, 0, 1.00),
(50, 'dsr_mp', '', 17, 0, 1.00),
(51, 'coltanaconda_tactical_mp', '', 33, 0, 1.00),
(52, 'w1200_mp', '', 6, 0, 1.00),
(53, 'ak74_mp', '', 59, 0, 1.00),
(54, 'tavor_xmags_mp', '', 6, 0, 1.00),
(55, 'm40a3_mp', '', 52, 0, 1.00),
(56, 'deserteagle_tactical_mp', '', 15, 0, 1.00),
(57, 'scar_eotech_silencer_mp', '', 10, 0, 1.00),
(58, 'frag_grenade_short_mp', '', 3, 0, 1.00),
(59, 'thompson_mp', '', 5, 0, 1.00),
(60, 'destructible_car', '', 4, 0, 1.00),
(61, 'aug_xmags_mp', '', 21, 0, 1.00),
(62, 'ak47_fmj_mp', '', 48, 0, 1.00),
(63, 'ump45_fmj_mp', '', 62, 0, 1.00),
(64, 'glock_akimbo_mp', '', 16, 0, 1.00),
(65, 'kriss_rof_mp', '', 1, 0, 1.00),
(66, 'flash_grenade_mp', '', 2, 0, 1.00),
(67, 'aa12_mp', '', 7, 0, 1.00),
(68, 'm1014_grip_mp', '', 6, 0, 1.00),
(69, 'striker_grip_mp', '', 6, 0, 1.00),
(70, 'pp2000_mp', '', 30, 0, 1.00),
(71, 'barrett_fmj_heartbeat_mp', '', 27, 0, 1.00),
(72, 'ump45_eotech_mp', '', 60, 0, 1.00),
(73, 'm21_silencer_mp', '', 16, 0, 1.00),
(74, 'barrett_fmj_mp', '', 40, 0, 1.00),
(75, 'claymore_mp', '', 3, 0, 1.00),
(76, 'pavelow_minigun_mp', '', 2, 0, 1.00),
(77, 'm21_heartbeat_mp', '', 8, 0, 1.00),
(78, 'beretta393_akimbo_mp', '', 3, 0, 1.00),
(79, 'deserteaglegold_mp', '', 5, 0, 1.00),
(80, 'm4_eotech_mp', '', 81, 0, 1.00),
(81, 'spas12_grip_mp', '', 11, 0, 1.00),
(82, 'wa2000_thermal_mp', '', 7, 0, 1.00),
(83, 'aug_grip_thermal_mp', '', 2, 0, 1.00),
(84, 'beretta393_silencer_mp', '', 1, 0, 1.00),
(85, 'javelin_mp', '', 4, 0, 1.00),
(86, 'kriss_silencer_mp', '', 14, 0, 1.00),
(87, 'tavor_eotech_mp', '', 4, 0, 1.00),
(88, 'masada_fmj_mp', '', 47, 0, 1.00),
(89, 'colt45_akimbo_mp', '', 3, 0, 1.00),
(90, 'tavor_fmj_mp', '', 2, 0, 1.00),
(91, 'harrier_20mm_mp', '', 5, 0, 1.00),
(92, 'p90_silencer_mp', '', 2, 0, 1.00),
(93, 'ak74u_silencer_mp', '', 1, 0, 1.00),
(94, 'aug_fmj_grip_mp', '', 16, 0, 1.00),
(95, 'p90_fmj_mp', '', 18, 0, 1.00),
(96, 'ump45_rof_silencer_mp', '', 21, 0, 1.00),
(97, 'tmp_silencer_mp', '', 3, 0, 1.00),
(98, 'cobra_20mm_mp', '', 1, 0, 1.00),
(99, 'deserteagle_fmj_mp', '', 2, 0, 1.00),
(100, 'barrett_xmags_mp', '', 1, 0, 1.00),
(101, 'wa2000_fmj_heartbeat_mp', '', 2, 0, 1.00),
(102, 'cheytac_silencer_mp', '', 2, 0, 1.00),
(103, 'cheytac_fmj_heartbeat_mp', '', 7, 0, 1.00),
(104, 'turret_minigun_mp', '', 3, 0, 1.00),
(105, 'striker_reflex_mp', '', 5, 0, 1.00),
(106, 'ump45_reflex_mp', '', 1, 0, 1.00),
(107, 'concussion_grenade_mp', '', 4, 0, 1.00),
(108, 'coltanaconda_fmj_mp', '', 10, 0, 1.00),
(109, 'remington700_mp', '', 5, 0, 1.00),
(110, 'remotemissile_projectile_mp', '', 1, 0, 1.00),
(111, 'rpd_grip_reflex_mp', '', 1, 0, 1.00),
(112, 'frag_grenade_mp', '', 4, 0, 1.00),
(113, 'sentry_minigun_mp', '', 1, 0, 1.00),
(114, 'gl_famas_mp', '', 1, 0, 1.00),
(115, 'spas12_silencer_mp', '', 3, 0, 1.00),
(116, 'barrel_mp', '', 1, 0, 1.00),
(117, 'usp_silencer_mp', '', 15, 0, 1.00),
(118, 'tmp_mp', '', 4, 0, 1.00),
(119, 'scar_fmj_mp', '', 7, 0, 1.00),
(120, 'ak47_mp', '', 4, 0, 1.00),
(121, 'ac130_105mm_mp', '', 1, 0, 1.00),
(122, 'm4_fmj_mp', '', 47, 0, 1.00),
(123, 'scar_eotech_heartbeat_mp', '', 2, 0, 1.00),
(124, 'mp5k_fmj_mp', '', 2, 0, 1.00),
(125, 'beretta_mp', '', 1, 0, 1.00),
(126, 'wa2000_mp', '', 8, 0, 1.00),
(127, 'gl_ak47_mp', '', 1, 0, 1.00),
(128, 'p90_rof_mp', '', 16, 0, 1.00),
(129, 'msmc_mp', '', 2, 0, 1.00);

-- --------------------------------------------------------

--
-- Tabelstructuur voor tabel `users_online1`
--

CREATE TABLE IF NOT EXISTS `users_online1` (
  `users_online_id` tinyint(2) unsigned NOT NULL,
  `users_online_name` varchar(64) NOT NULL,
  `users_online_sid` tinyint(2) NOT NULL,
  `users_online_ip` varchar(15) NOT NULL,
  `users_online_score` int(255) NOT NULL,
  `users_online_ping` int(255) NOT NULL,
  `users_online_level` int(3) NOT NULL
) ENGINE=MEMORY AUTO_INCREMENT=2 DEFAULT CHARSET=utf8;

--
-- Gegevens worden geëxporteerd voor tabel `users_online1`
--

INSERT INTO `users_online1` (`users_online_id`, `users_online_name`, `users_online_sid`, `users_online_ip`, `users_online_score`, `users_online_ping`, `users_online_level`) VALUES
(1, 'kontselis', 0, '85.73.179.49', 0, 119, 0);

--
-- Indexen voor geëxporteerde tabellen
--

--
-- Indexen voor tabel `stats_body`
--
ALTER TABLE `stats_body`
  ADD PRIMARY KEY (`body_id`), ADD UNIQUE KEY `name` (`body_name`);

--
-- Indexen voor tabel `stats_bodyhits`
--
ALTER TABLE `stats_bodyhits`
  ADD PRIMARY KEY (`bodyhits_id`), ADD KEY `Name` (`name_id`), ADD KEY `Body` (`bodypart_id`);

--
-- Indexen voor tabel `stats_map`
--
ALTER TABLE `stats_map`
  ADD PRIMARY KEY (`map_id`), ADD UNIQUE KEY `name` (`map_name`);

--
-- Indexen voor tabel `stats_name`
--
ALTER TABLE `stats_name`
  ADD PRIMARY KEY (`name_id`), ADD KEY `IP` (`ip`);

--
-- Indexen voor tabel `stats_opponents`
--
ALTER TABLE `stats_opponents`
  ADD PRIMARY KEY (`opponents_id`), ADD KEY `names` (`name_id_1`,`name_id_2`), ADD KEY `Name2FK` (`name_id_2`);

--
-- Indexen voor tabel `stats_playerweapons`
--
ALTER TABLE `stats_playerweapons`
  ADD PRIMARY KEY (`playerweapons_id`), ADD KEY `Name` (`name_id`), ADD KEY `Weapon` (`weapon_id`);

--
-- Indexen voor tabel `stats_servers`
--
ALTER TABLE `stats_servers`
  ADD PRIMARY KEY (`server_id`);

--
-- Indexen voor tabel `stats_spreerecord`
--
ALTER TABLE `stats_spreerecord`
  ADD PRIMARY KEY (`record_id`);

--
-- Indexen voor tabel `stats_usermaps`
--
ALTER TABLE `stats_usermaps`
  ADD PRIMARY KEY (`usermaps_id`), ADD KEY `Name` (`name_id`), ADD KEY `Map` (`map_id`);

--
-- Indexen voor tabel `stats_weaponstats`
--
ALTER TABLE `stats_weaponstats`
  ADD PRIMARY KEY (`weapon_id`), ADD UNIQUE KEY `name` (`weapon_name`);

--
-- Indexen voor tabel `users_online1`
--
ALTER TABLE `users_online1`
  ADD PRIMARY KEY (`users_online_id`);

--
-- AUTO_INCREMENT voor geëxporteerde tabellen
--

--
-- AUTO_INCREMENT voor een tabel `stats_body`
--
ALTER TABLE `stats_body`
  MODIFY `body_id` tinyint(11) unsigned NOT NULL AUTO_INCREMENT,AUTO_INCREMENT=18;
--
-- AUTO_INCREMENT voor een tabel `stats_bodyhits`
--
ALTER TABLE `stats_bodyhits`
  MODIFY `bodyhits_id` int(11) unsigned NOT NULL AUTO_INCREMENT,AUTO_INCREMENT=443;
--
-- AUTO_INCREMENT voor een tabel `stats_map`
--
ALTER TABLE `stats_map`
  MODIFY `map_id` tinyint(11) unsigned NOT NULL AUTO_INCREMENT,AUTO_INCREMENT=14;
--
-- AUTO_INCREMENT voor een tabel `stats_name`
--
ALTER TABLE `stats_name`
  MODIFY `name_id` mediumint(11) unsigned NOT NULL AUTO_INCREMENT,AUTO_INCREMENT=92;
--
-- AUTO_INCREMENT voor een tabel `stats_opponents`
--
ALTER TABLE `stats_opponents`
  MODIFY `opponents_id` int(10) unsigned NOT NULL AUTO_INCREMENT,AUTO_INCREMENT=122;
--
-- AUTO_INCREMENT voor een tabel `stats_playerweapons`
--
ALTER TABLE `stats_playerweapons`
  MODIFY `playerweapons_id` int(11) unsigned NOT NULL AUTO_INCREMENT,AUTO_INCREMENT=974;
--
-- AUTO_INCREMENT voor een tabel `stats_servers`
--
ALTER TABLE `stats_servers`
  MODIFY `server_id` tinyint(11) unsigned NOT NULL AUTO_INCREMENT,AUTO_INCREMENT=2;
--
-- AUTO_INCREMENT voor een tabel `stats_spreerecord`
--
ALTER TABLE `stats_spreerecord`
  MODIFY `record_id` smallint(20) unsigned NOT NULL AUTO_INCREMENT,AUTO_INCREMENT=13;
--
-- AUTO_INCREMENT voor een tabel `stats_usermaps`
--
ALTER TABLE `stats_usermaps`
  MODIFY `usermaps_id` int(11) unsigned NOT NULL AUTO_INCREMENT,AUTO_INCREMENT=158;
--
-- AUTO_INCREMENT voor een tabel `stats_weaponstats`
--
ALTER TABLE `stats_weaponstats`
  MODIFY `weapon_id` smallint(11) unsigned NOT NULL AUTO_INCREMENT,AUTO_INCREMENT=130;
--
-- AUTO_INCREMENT voor een tabel `users_online1`
--
ALTER TABLE `users_online1`
  MODIFY `users_online_id` tinyint(2) unsigned NOT NULL AUTO_INCREMENT,AUTO_INCREMENT=2;
--
-- Beperkingen voor geëxporteerde tabellen
--

--
-- Beperkingen voor tabel `stats_bodyhits`
--
ALTER TABLE `stats_bodyhits`
ADD CONSTRAINT `BodyBHFK` FOREIGN KEY (`bodypart_id`) REFERENCES `stats_body` (`body_id`) ON DELETE CASCADE ON UPDATE CASCADE,
ADD CONSTRAINT `NameBHFK` FOREIGN KEY (`name_id`) REFERENCES `stats_name` (`name_id`) ON DELETE CASCADE ON UPDATE CASCADE;

--
-- Beperkingen voor tabel `stats_opponents`
--
ALTER TABLE `stats_opponents`
ADD CONSTRAINT `Name2FK` FOREIGN KEY (`name_id_2`) REFERENCES `stats_name` (`name_id`) ON DELETE CASCADE ON UPDATE CASCADE,
ADD CONSTRAINT `Name1FK` FOREIGN KEY (`name_id_1`) REFERENCES `stats_name` (`name_id`) ON DELETE CASCADE ON UPDATE CASCADE;

--
-- Beperkingen voor tabel `stats_playerweapons`
--
ALTER TABLE `stats_playerweapons`
ADD CONSTRAINT `WeaponPWFK` FOREIGN KEY (`weapon_id`) REFERENCES `stats_weaponstats` (`weapon_id`) ON DELETE CASCADE ON UPDATE CASCADE,
ADD CONSTRAINT `NamePWFK` FOREIGN KEY (`name_id`) REFERENCES `stats_name` (`name_id`) ON DELETE CASCADE ON UPDATE CASCADE;

--
-- Beperkingen voor tabel `stats_usermaps`
--
ALTER TABLE `stats_usermaps`
ADD CONSTRAINT `MapUMFK` FOREIGN KEY (`map_id`) REFERENCES `stats_map` (`map_id`) ON DELETE CASCADE ON UPDATE CASCADE,
ADD CONSTRAINT `NameUMFK` FOREIGN KEY (`name_id`) REFERENCES `stats_name` (`name_id`) ON DELETE CASCADE ON UPDATE CASCADE;

/*!40101 SET CHARACTER_SET_CLIENT=@OLD_CHARACTER_SET_CLIENT */;
/*!40101 SET CHARACTER_SET_RESULTS=@OLD_CHARACTER_SET_RESULTS */;
/*!40101 SET COLLATION_CONNECTION=@OLD_COLLATION_CONNECTION */;
